Name,R.A.,Dec.,16cm,4cm,15mm,7mm,3mm
0000-177,00:03:22,-17:27:12,1.816,0.818,0.345,0.004,0.052
J0004-1148,00:04:04,-11:48:58,,0.315,,,
0002-478,00:04:36,-47:36:20,0.383,0.524,0.447,0.409,0.687
0003-066,00:06:14,-06:23:35,3.822,5.018,4.446,2.572,3.913
0003-003,00:06:23,-00:04:24,2.944,1.333,0.492,0.158,0.048
0006+061,00:09:04,06:28:21,0.106,0.163,0.164,0.101,0.203
0008-421,00:10:53,-41:53:11,3.32,1.121,0.191,0.058,0.006
0008-264,00:11:01,-26:12:33,0.225,0.325,0.314,0.176,0.276
0009+081,00:11:35,08:23:56,0.547,0.446,0.344,0.236,0.113
J0011-8443,00:11:46,-84:43:20,0.136,0.117,0.085,0.057,0.068
0010-401,00:13:00,-39:54:26,0.826,0.892,0.703,0.42,0.301
0013-005,00:16:11,-00:15:12,0.759,0.592,0.312,0.153,0.162
0016-129,00:18:51,-12:42:33,1.568,0.598,0.169,0.05,0.03
0019-000,00:22:25,00:14:56,2.306,1.044,0.29,0.127,0.025
0019+058,00:22:32,06:08:04,0.323,0.441,0.459,0.442,0.239
0022-423,00:24:43,-42:02:04,3.221,1.715,0.386,0.148,0.013
0023-263,00:25:49,-26:02:13,6.965,3.355,1.19,0.453,0.189
J0026-3512,00:26:16,-35:12:48,0.044,0.19,0.703,0.568,0.254
0024+092,00:27:06,09:29:58,0.154,0.256,0.212,0.12,0.061
J0028-7045,00:28:42,-70:45:16,0.087,0.115,0.132,0.09,0.073
0027+056,00:29:46,05:54:41,0.299,0.477,0.632,0.432,0.211
0027-426,00:30:17,-42:24:46,0.459,0.834,0.989,0.675,0.424
J0033-4236,00:33:48,-42:36:14,0.14,0.227,0.251,0.114,0.042
J0034-4116,00:34:04,-41:16:19,0.276,0.325,0.373,0.397,0.068
0032-203,00:35:09,-20:04:00,1.319,0.441,0.094,0.015,0.007
0036-216,00:38:30,-21:20:04,0.719,0.362,0.139,0.073,0.016
0037-593,00:40:08,-59:03:53,0.701,0.514,0.215,0.098,0.015
0037+011,00:40:14,01:25:46,0.118,0.175,0.225,0.143,0.26
J0040-4253,00:40:33,-42:53:11,0.178,0.152,0.125,0.095,0.017
0038-020,00:40:58,-01:46:32,0.527,0.746,0.702,0.489,0.442
J0042-4030,00:42:01,-40:30:40,0.186,0.172,0.149,0.075,0.011
0039-445,00:42:09,-44:14:16,0.745,0.315,0.116,0.076,0.002
J0042-4333,00:42:25,-43:33:40,0.203,0.166,0.119,0.071,0.095
J0044-8422,00:44:27,-84:22:40,0.641,0.746,0.497,0.294,0.142
0042-357,00:44:41,-35:30:42,1.59,0.865,0.266,0.076,0.003
J0047-7530,00:47:41,-75:30:11,0.288,0.281,0.186,0.105,0.05
J0049-4457,00:49:17,-44:57:11,0.24,0.387,0.41,0.308,2.907
0047+023,00:49:43,02:37:04,0.158,0.198,0.252,0.221,0.412
0047-579,00:49:59,-57:38:27,2.063,1.973,1.908,1.421,0.488
0048-097,00:50:41,-09:29:05,0.282,0.282,0.252,0.179,0.132
0048-447,00:50:52,-44:28:39,0.886,0.285,0.046,0.021,0.004
0048-071,00:51:08,-06:50:02,0.88,0.955,1.25,0.897,0.56
0048-427,00:51:10,-42:26:33,0.826,0.928,0.771,0.478,0.376
J0054-7534,00:54:06,-75:34:04,0.092,0.144,0.24,0.091,0.005
0051-038,00:54:08,-03:33:55,1.517,0.563,0.144,0.015,0.011
J0056-4451,00:56:46,-44:51:02,0.405,0.294,0.19,0.115,0.111
0055+060,00:58:34,06:20:06,0.109,0.253,0.342,0.252,0.538
0056-572,00:58:47,-56:59:11,0.543,0.595,1.024,1.405,1.009
J0058-5219,00:58:56,-52:19:28,0.227,0.262,0.179,,0.152
0056-001,00:59:06,00:06:52,2.165,1.289,0.824,0.494,0.492
0056-172,00:59:07,-17:00:39,1.093,0.316,0.046,0.007,0.005
J0101-6233,01:01:15,-62:33:06,0.313,0.313,0.271,,0.09
J0102-5637,01:02:10,-56:37:04,0.156,0.234,0.345,,0.105
J0102-8012,01:02:15,-80:12:39,0.207,0.361,0.417,0.242,0.275
J0103-4549,01:03:26,-45:49:01,0.183,0.149,0.114,0.069,0.134
J0103-6439,01:03:34,-64:39:08,0.239,0.27,0.437,,0.627
0104-408,01:06:45,-40:34:20,0.904,1.848,2.244,1.911,0.609
0106+013,01:08:39,01:35:00,4.952,5.478,5.478,3.918,5.828
0107-610,01:09:15,-60:49:48,0.459,0.585,0.433,0.275,0.255
J0110-6315,01:10:17,-63:15:56,0.156,0.346,0.341,,0.154
0108-079,01:10:50,-07:41:41,0.71,0.671,0.423,0.238,0.404
0109+224,01:12:06,22:44:39,,,1.56,1.377,1.284
0111+021,01:13:43,02:22:17,0.468,0.626,0.676,0.501,0.605
0112-017,01:15:17,-01:27:05,0.756,0.83,0.835,0.661,0.482
0113-118,01:16:13,-11:36:15,1.618,2.044,1.817,1.099,0.934
J0116-7905,01:16:23,-79:05:55,0.193,0.17,0.126,0.098,0.248
0114-211,01:16:51,-20:52:07,2.947,1.144,0.306,0.114,0.036
J0118-4102,01:18:45,-41:02:31,0.199,0.229,0.106,0.074,0.021
0116-219,01:18:57,-21:41:30,0.525,0.811,1.282,0.981,0.937
0116+082,01:19:01,08:29:55,2.103,1.157,0.536,0.272,0.208
J0119-5357,01:19:50,-53:57:18,0.555,0.372,0.259,,0.183
0117-155,01:20:27,-15:20:17,3.056,1.39,0.084,0.004,0.014
0118-272,01:20:32,-27:01:25,1.308,1.333,1.137,0.815,0.586
0119+115,01:21:42,11:49:50,,2.345,0.92,0.992,0.708
0119+041,01:21:57,04:22:25,0.994,1.651,2.246,1.627,0.495
0122-003,01:25:29,-00:05:56,1.097,1.052,0.916,0.664,0.748
0127+084,01:30:28,08:42:46,0.145,0.194,0.22,0.2,0.238
J0131-7916,01:31:49,-79:16:17,0.08,0.12,0.15,0.126,0.21
0130-171,01:32:43,-16:54:49,1.043,1.099,1.186,1.077,1.38
0131-522,01:33:06,-52:00:04,0.862,1.516,1.759,1.621,0.96
0132-389,01:34:32,-38:43:34,0.566,0.955,0.924,0.702,0.53
0132-097,01:34:36,-09:31:03,1.059,0.712,0.544,0.351,0.04
0132+079,01:35:15,08:11:07,1.579,0.111,0.148,0.006,0.005
0133-203,01:35:38,-20:08:46,0.501,0.44,0.288,0.156,0.109
J0136-4044,01:36:03,-40:44:50,0.12,0.195,0.293,0.302,0.446
0135-247,01:37:38,-24:30:54,1.427,1.583,1.31,0.832,1.967
0138-097,01:41:26,-09:28:44,0.542,0.801,1.383,1.289,0.418
0139-273,01:41:27,-27:06:07,1.056,0.347,0.063,0.013,0.006
0142-278,01:45:03,-27:33:34,0.709,0.73,0.577,0.336,0.714
J0146-5202,01:46:49,-52:02:34,0.297,0.249,0.19,0.139,0.243
0146+056,01:49:22,05:55:54,0.979,0.96,0.646,0.346,0.063
0147-076,01:50:03,-07:25:48,0.14,0.064,0.052,0.024,0.016
0150-334,01:53:10,-33:10:26,0.961,1.215,1.037,0.617,0.256
0151+081,01:54:03,08:23:51,0.072,0.072,0.061,0.041,0.213
J0154-5107,01:54:20,-51:07:52,0.248,0.378,0.351,,0.269
0153-410,01:55:37,-40:48:42,1.925,1.188,0.555,0.267,0.13
J0156-5439,01:56:50,-54:39:49,0.505,0.558,0.288,,0.024
0155-109,01:57:42,-10:43:40,1.414,0.352,0.224,0.057,0.087
J0157-4614,01:57:51,-46:14:23,0.147,0.218,0.258,0.213,0.133
J0159-7231,01:59:34,-72:31:45,0.207,0.186,0.198,,0.144
J0200-4010,02:00:12,-40:10:58,0.279,0.231,0.14,,0.038
0158+031,02:00:41,03:22:50,0.157,0.48,0.208,0.102,0.31
J0201-6638,02:01:08,-66:38:13,0.208,0.232,0.224,,0.165
0159+034,02:01:52,03:43:09,0.285,0.207,0.159,0.116,0.055
0159-117,02:01:57,-11:32:33,1.079,1.382,0.91,0.417,0.165
0201-440,02:03:41,-43:49:51,1.951,0.652,0.287,0.118,0.007
0201+113,02:03:47,11:34:45,,,0.331,,
0202-172,02:04:58,-17:01:20,1.26,1.769,1.452,1.278,1.386
J0206-6143,02:06:40,-61:43:32,0.268,0.396,0.409,,0.233
J0208-6216,02:08:01,-62:16:36,0.203,0.225,0.118,,0.035
0205-010,02:08:26,-00:47:44,0.581,0.48,0.315,0.167,0.193
0206-048,02:09:31,-04:38:26,0.287,0.289,0.265,0.141,0.112
0208-512,02:10:46,-51:01:02,2.73,2.83,3.195,3.474,1.112
J0214-7027,02:14:04,-70:27:06,0.084,0.1,0.18,,0.119
J0214-6149,02:14:16,-61:49:34,0.448,0.645,0.651,,0.359
0213-026,02:15:42,-02:22:57,0.542,0.786,0.603,0.266,0.229
0213+051,02:15:55,05:24:26,0.124,0.195,0.19,,0.065
0214-522,02:16:03,-52:00:12,0.847,0.531,0.239,0.115,0.072
0215+015,02:17:49,01:44:50,0.933,0.643,0.466,0.366,0.877
0216+011,02:19:07,01:21:00,0.497,0.897,1.056,0.756,0.454
J0219-6806,02:19:42,-68:06:18,0.448,0.334,0.172,,0.106
0218-021,02:20:54,-01:56:52,0.44,0.013,0.016,0.003,-0.006
0220-349,02:22:56,-34:41:29,1.187,1.083,0.588,0.366,0.376
J0223-5347,02:23:31,-53:47:40,0.251,0.555,0.559,,0.193
0221+067,02:24:28,06:59:23,0.598,1.134,0.92,1.828,2.466
J0228-5546,02:28:22,-55:46:03,0.508,0.684,0.758,,0.932
J0229-5403,02:29:13,-54:03:24,0.229,0.295,0.161,,0.079
0230-790,02:29:35,-78:47:46,0.432,0.813,0.82,0.534,-0.056
J0231-4746,02:31:12,-47:46:12,0.258,0.527,0.515,,0.706
J0231-5841,02:31:17,-58:41:07,0.193,0.197,0.143,,0.095
0229-398,02:31:52,-39:35:46,0.376,0.419,0.342,0.212,0.093
0231+045,02:34:07,04:46:43,0.311,0.195,0.08,0.044,0.023
0235-618,02:36:53,-61:36:15,0.251,0.278,0.379,0.377,0.152
0234+052,02:37:14,05:26:50,0.101,0.111,0.091,,0.076
0237-027,02:39:45,-02:34:41,0.363,0.853,0.614,0.534,0.31
0237+040,02:39:51,04:16:21,0.814,0.674,0.601,0.461,0.602
0237-233,02:40:08,-23:09:16,5.281,2.598,1.102,0.407,0.232
0238-084,02:41:05,-08:15:21,0.658,1.289,2.671,1.594,2.112
0240-217,02:42:36,-21:32:26,1.094,0.691,0.301,0.15,0.106
0240-002,02:42:41,-00:00:47,2.131,0.549,0.253,0.039,0.041
J0246-4651,02:46:00,-46:51:17,0.973,0.9,1.098,,0.479
0246+061,02:49:18,06:19:52,0.807,0.79,0.526,,0.182
J0251-6000,02:51:26,-60:00:06,0.255,0.346,0.541,,0.558
0252-712,02:52:46,-71:04:35,4.001,1.51,0.352,0.119,-0.004
0250-225,02:52:48,-22:19:25,,0.352,0.338,0.232,
J0253-7513,02:53:11,-75:13:17,0.363,0.314,0.281,0.166,0.198
0252-549,02:53:29,-54:41:51,0.946,1.063,1.227,0.972,1.458
0256+054,02:58:51,05:41:08,0.145,0.233,0.219,,0.188
0256+075,02:59:27,07:47:40,0.833,0.904,0.845,,0.864
0258+011,03:01:24,01:18:36,0.318,0.346,0.403,0.233,0.329
0301-721,03:01:38,-71:56:34,,0.335,,,
J0303-7914,03:03:21,-79:14:57,0.226,0.497,0.284,0.331,0.276
J0303-6458,03:03:51,-64:58:55,0.123,0.145,0.148,,0.195
0302-623,03:03:51,-62:11:26,3.097,1.578,1.148,0.901,0.569
J0304-7007,03:04:18,-70:07:41,0.227,0.229,0.133,,0.044
J0304-4333,03:04:29,-43:33:16,0.205,0.303,0.236,,0.055
J0307-4857,03:07:34,-48:57:12,0.244,0.19,0.109,,0.004
0308-611,03:09:56,-60:58:39,1.018,2.582,2.57,2.217,0.615
0312-770,03:11:55,-76:51:51,,0.434,,,
J0312-5541,03:12:07,-55:41:35,0.335,0.277,0.186,,0.026
0310+013,03:12:44,01:33:18,0.603,0.355,0.55,0.526,0.291
0310-150,03:12:46,-14:49:52,1.612,0.679,0.339,0.138,0.056
J0314-6548,03:14:22,-65:48:25,0.227,0.233,0.208,,0.135
J0318-5650,03:18:58,-56:50:37,0.318,0.265,0.151,,0.065
J0321-3711,03:21:23,-37:11:34,,,,,-0.001
0319+121,03:21:53,12:21:14,,,0.752,,
J0323-6026,03:23:08,-60:26:32,0.197,0.242,0.23,,0.1
0320+053,03:23:20,05:34:12,2.012,0.766,0.194,,0.001
J0324-7320,03:24:04,-73:20:47,0.076,0.089,0.076,,0.079
0325+005,03:27:59,00:44:23,0.28,0.305,0.262,0.312,0.115
0327-241,03:29:54,-23:57:09,0.619,1.103,0.546,0.436,0.643
J0330-4014,03:30:51,-40:14:17,0.602,0.469,0.29,,0.129
0332-403,03:34:14,-40:08:25,1.476,1.496,1.279,1.063,0.747
0332+078,03:34:53,08:00:14,0.354,0.358,0.323,,0.109
0334-546,03:35:54,-54:30:25,0.448,0.661,0.48,0.242,0.101
0334+056,03:36:43,05:45:58,0.418,0.016,0.015,,0.015
0335-364,03:36:54,-36:16:06,,0.572,,,
0334+014,03:37:17,01:37:23,0.134,0.145,0.083,0.054,0.008
0336-019,03:39:31,-01:46:36,1.877,1.143,0.615,2.152,1.279
J0340-6703,03:40:28,-67:03:17,0.207,0.227,0.216,,0.067
0338-214,03:40:36,-21:19:31,0.893,0.715,0.476,0.345,0.104
J0341-5954,03:41:22,-59:54:09,0.226,0.176,0.089,,0.003
0346-279,03:48:38,-27:49:14,1.212,1.528,1.728,1.514,0.563
J0351-5142,03:51:28,-51:42:55,0.425,0.356,0.329,,0.263
0355-669,03:55:48,-66:45:34,0.805,0.557,0.776,0.599,0.134
0355-483,03:57:22,-48:12:15,0.377,0.438,0.275,0.091,0.028
J0357-4625,03:57:29,-46:25:43,0.215,0.27,0.3,,0.043
0357+057,04:00:12,05:50:43,0.218,0.214,0.246,0.18,0.04
0358+040,04:01:20,04:13:34,0.147,0.227,0.662,0.557,0.626
0400-319,04:02:21,-31:47:26,0.739,0.687,0.562,0.499,0.313
0402-362,04:03:54,-36:05:02,1.765,3.726,7.581,7.823,1.55
0403-132,04:05:34,-13:08:14,3.302,2.676,2.102,1.303,0.555
0403+064,04:06:34,06:37:15,0.229,0.37,0.44,0.41,0.205
0405-385,04:06:59,-38:26:28,1.552,2.083,2.144,1.761,0.464
0407+075,04:07:29,07:42:08,0.475,0.559,0.727,0.7,0.449
0405-331,04:07:34,-33:03:46,0.581,0.695,0.521,0.372,0.178
0405-123,04:07:48,-12:11:37,,1.173,0.755,,
0407-658,04:08:20,-65:45:09,9.631,2.72,0.522,0.145,0.02
0406-127,04:09:06,-12:38:48,0.2,0.309,0.176,0.119,0.034
0406-180,04:09:07,-17:57:10,1.615,0.745,0.316,0.146,0.031
0406+065,04:09:26,06:40:35,0.103,0.097,0.083,0.099,0.034
0408+085,04:11:34,08:43:11,0.079,0.117,0.144,0.079,0.065
0409+000,04:12:33,00:10:48,0.193,0.169,0.196,0.152,0.055
J0412-8335,04:12:40,-83:35:21,0.202,0.221,0.247,0.028,0.161
J0412-4604,04:12:50,-46:04:50,0.339,0.346,0.244,0.064,0.146
0411-346,04:13:01,-34:30:10,0.806,0.37,0.042,0.029,0.165
J0415-4737,04:15:54,-47:37:35,0.201,0.258,0.283,0.224,0.186
J0415-4637,04:15:59,-46:37:49,0.411,0.378,0.23,0.132,0.029
0413-210,04:16:04,-20:56:28,1.758,0.659,0.651,0.489,0.195
0414-341,04:16:10,-34:03:04,0.608,0.383,0.161,0.09,0.158
0414-189,04:16:37,-18:51:08,0.988,0.786,0.334,0.214,0.281
0420-625,04:20:56,-62:23:39,2.241,0.817,0.214,0.069,0.019
0420+022,04:22:52,02:19:27,1.377,1.267,0.581,0.315,0.706
0420-014,04:23:16,-01:20:33,2.4,5.176,8.43,6.764,1.952
0421+019,04:24:09,02:04:25,0.913,0.653,0.34,0.164,0.016
0422-380,04:24:42,-37:56:21,0.557,1.398,0.836,0.598,0.742
0422+004,04:24:47,00:36:06,0.296,0.566,0.196,0.137,0.287
J0425-5331,04:25:04,-53:31:58,0.178,0.168,0.132,0.101,0.149
J0425-6646,04:25:07,-66:46:50,0.254,0.275,0.148,0.075,0.058
0423+051,04:26:37,05:18:20,0.63,0.535,0.455,0.41,0.276
J0427-3900,04:27:22,-39:01:00,,0.29,,,
0425+048,04:27:48,04:57:08,0.329,0.303,0.344,0.286,0.33
0426-380,04:28:40,-37:56:20,1.137,3.593,4.527,3.511,2.499
J0428-5005,04:28:43,-50:05:34,0.346,0.339,0.366,0.212,0.144
0427-345,04:29:47,-34:26:42,0.345,0.108,0.019,0.009,0.118
J0430-6132,04:30:22,-61:32:01,0.193,0.216,0.159,0.107,0.133
J0431-6406,04:31:28,-64:06:31,0.393,0.436,0.266,0.141,0.008
0430+052,04:33:11,05:21:16,2.608,2.548,3.007,2.859,1.782
J0433-6030,04:33:34,-60:30:14,0.419,0.454,0.875,0.643,0.382
J0434-4355,04:34:03,-43:55:48,0.367,0.287,0.248,0.077,0.006
0434-188,04:37:01,-18:44:49,0.999,0.824,0.587,0.277,0.044
0437-454,04:39:01,-45:22:23,0.576,1.402,1.271,0.848,0.665
0438-436,04:40:17,-43:33:09,3.525,4.168,7.201,6.318,0.249
J0440-6952,04:40:48,-69:52:18,0.206,0.234,0.307,0.202,0.236
0439-337,04:41:34,-33:40:04,1.093,0.678,0.282,0.136,0.055
J0441-5154,04:41:58,-51:54:54,0.461,0.517,0.436,0.297,0.242
0440-003,04:42:39,-00:17:43,2.336,1.701,1.238,1.056,0.43
0442+071,04:45:01,07:15:54,0.294,0.265,0.258,0.192,0.052
0445-221,04:47:37,-22:03:37,1.338,0.461,0.101,0.032,0.031
0446+112,04:49:08,11:21:29,,1.242,2.017,2.526,
J0449-6106,04:49:24,-61:06:27,0.393,0.359,0.237,0.137,0.134
J0449-4809,04:49:40,-48:09:41,0.082,0.055,0.023,0.087,0.168
0448-392,04:49:42,-39:11:09,0.721,0.777,0.581,0.319,0.247
0454-810,04:50:05,-81:01:02,0.615,0.955,1.612,1.541,1.175
J0451-4428,04:51:25,-44:28:51,0.121,0.133,0.274,0.194,0.069
0450-469,04:51:53,-46:53:20,0.233,0.243,0.22,0.171,0.114
J0452-8535,04:52:34,-85:35:18,0.435,0.376,0.33,0.197,0.388
0450+013,04:53:02,01:28:36,0.086,0.227,0.15,0.164,0.159
0451-282,04:53:15,-28:07:37,2.07,2.069,2.275,1.724,1.437
0453-206,04:55:24,-20:34:15,0.362,0.018,0.005,0.017,0.005
0454-463,04:55:51,-46:15:59,3.096,2.242,1.628,1.437,1.138
J0456-4041,04:56:32,-40:41:22,0.117,0.18,0.181,0.156,0.039
0454+039,04:56:47,04:00:53,0.23,0.359,0.352,0.178,0.127
0454-234,04:57:03,-23:24:52,1.203,3.459,3.852,2.078,1.304
0454+066,04:57:08,06:45:07,0.58,0.45,0.539,0.332,0.714
0457+024,04:59:52,02:29:31,1.441,0.905,0.653,0.327,0.046
0458-020,05:01:13,-01:59:14,0.628,2.292,7.631,5.576,1.207
0459+060,05:02:15,06:09:07,0.98,0.736,0.43,0.299,0.231
0500+019,05:03:21,02:03:05,2.438,1.907,0.901,0.507,0.049
0502+049,05:05:23,04:59:43,0.553,0.906,0.998,0.768,0.383
J0505-7914,05:05:43,-79:14:39,0.151,0.246,0.251,0.181,0.03
0506-612,05:06:44,-61:09:41,1.43,1.865,1.643,1.102,
J0507-6104,05:07:55,-61:04:43,0.438,0.526,0.44,0.375,0.295
0506+056,05:09:26,05:41:35,0.996,1.315,1.364,1.343,0.396
0507+179,05:10:02,18:00:42,,1.043,1.732,,1.15
J0510-8419,05:10:12,-84:19:29,0.087,0.193,0.224,0.295,0.214
0509+011,05:11:58,01:10:49,0.303,0.328,0.285,0.221,0.16
0511+009,05:13:40,01:00:22,0.153,0.261,0.142,0.101,0.055
0511-220,05:13:49,-21:59:16,0.697,0.689,1.069,0.776,0.353
J0514-4554,05:14:44,-45:54:36,0.09,0.257,0.293,0.243,0.228
0515-674,05:15:38,-67:21:28,1.175,0.556,0.207,0.099,0.032
J0515-4556,05:15:45,-45:56:43,1.056,0.835,1.106,0.975,0.803
0514-161,05:16:16,-16:03:08,0.401,0.532,0.591,0.34,0.274
0517-726,05:16:38,-72:37:07,,0.42,0.391,,
0516-621,05:16:45,-62:07:05,,0.742,0.765,0.685,
0515+067,05:17:51,06:48:03,0.525,0.383,0.287,0.204,0.089
J0518-6935,05:18:33,-69:35:21,0.204,0.186,0.142,0.092,0.084
0516+087,05:19:11,08:48:57,0.332,0.482,0.814,0.686,0.262
0518+165,05:21:10,16:38:22,6.308,3.88,1.15,1501.04,0.022
0519-208,05:21:39,-20:47:39,0.89,0.25,0.049,0.006,0.205
0519+011,05:22:17,01:13:31,0.464,0.838,0.648,0.408,0.129
0522-611,05:22:34,-61:07:57,0.636,0.41,0.329,0.26,0.152
0521-365,05:22:58,-36:27:31,1.885,3.939,4.157,3.344,5.831
J0523-2614,05:23:18,-26:14:16,,0.955,,,
J0524-5658,05:24:40,-56:58:52,0.882,0.57,0.383,0.247,0.141
J0525-5725,05:25:59,-57:25:08,0.554,0.374,0.22,0.145,0.119
0524-485,05:26:17,-48:30:37,,0.646,0.542,0.468,
0524+034,05:27:33,03:31:32,0.237,0.351,0.315,0.285,0.449
J0529-7625,05:29:17,-76:25:11,0.197,0.152,0.153,0.027,0.027
0530-727,05:29:30,-72:45:29,0.678,0.766,0.77,0.644,0.802
0528-250,05:30:08,-25:03:30,1.175,0.853,0.507,0.294,0.063
0528+134,05:30:56,13:31:55,,1.197,2.057,1.767,7.259
0529+075,05:32:39,07:32:43,1.766,2.031,1.866,1.87,0.937
J0533-7216,05:33:45,-72:16:24,0.187,0.167,0.107,0.073,0.118
0532-378,05:34:17,-37:47:25,0.691,0.647,0.356,0.257,0.204
0534-340,05:36:28,-34:01:11,0.495,0.909,0.565,0.511,0.576
0537-441,05:38:50,-44:05:09,2.716,4.623,6.026,5.889,3.079
J0538-6929,05:38:58,-69:29:59,,0.006,,,
0537-158,05:39:32,-15:50:30,0.263,0.585,0.382,0.246,0.253
J0539-5612,05:39:42,-56:12:50,0.419,0.33,0.255,0.158,0.138
0537-286,05:39:54,-28:39:56,1.47,1.149,0.971,0.758,0.735
0539-530,05:40:25,-53:03:47,0.72,0.468,0.262,0.086,0.108
J0540-5418,05:40:46,-54:18:22,0.539,0.625,0.736,0.651,0.176
0539-057,05:41:38,-05:41:49,0.926,0.902,0.605,0.427,0.515
J0546-6415,05:46:42,-64:15:22,0.07,0.078,0.102,0.025,0.235
J0549-5246,05:49:44,-52:46:26,0.121,0.13,0.188,0.149,0.159
0548+084,05:51:11,08:29:11,0.142,0.174,0.213,0.157,0.091
0550+032,05:52:50,03:13:27,0.492,0.589,0.62,0.539,0.895
J0558-5029,05:58:12,-50:29:49,0.226,0.2,0.143,0.095,0.155
J0558-7459,05:58:46,-74:59:05,0.438,0.412,0.402,0.345,0.228
J0602-5724,06:02:09,-57:24:03,0.095,0.122,0.116,0.082,0.15
0606-795,06:03:06,-79:34:51,1.095,0.463,0.124,0.011,0.038
0602-424,06:04:25,-42:25:30,0.254,0.471,0.624,0.678,0.486
0602+096,06:05:10,09:39:14,0.226,0.276,0.237,0.151,0.274
J0606-4729,06:06:36,-47:29:55,0.247,0.217,0.174,0.127,0.124
J0607-6031,06:07:55,-60:31:52,0.812,0.45,0.283,0.381,0.146
0605-085,06:08:00,-08:34:50,3.216,3.169,2.678,1.895,3.615
J0608-5456,06:08:49,-54:56:43,0.687,0.667,0.585,0.531,0.197
0606-223,06:09:00,-22:20:21,1.156,1.053,0.989,0.584,0.614
0607-157,06:09:41,-15:42:41,4.183,5.317,4.363,2.979,2.805
J0610-6058,06:10:30,-60:58:38,0.191,0.231,0.203,0.145,0.116
0610-436,06:12:29,-43:37:48,0.277,0.191,0.429,0.237,0.051
0614-349,06:16:36,-34:56:17,3.191,1.542,0.571,0.098,0.162
0615-365,06:17:32,-36:34:15,1.47,0.643,0.204,0.087,0.037
J0620-6107,06:20:05,-61:07:32,0.236,0.241,0.233,0.173,0.112
J0621-4651,06:21:19,-46:49:58,0.224,0.203,0.136,0.086,0.124
J0621-5241,06:21:43,-52:41:33,0.651,0.394,0.245,0.088,0.144
J0623-6436,06:23:08,-64:36:21,0.348,0.427,1.227,0.737,0.204
J0625-6020,06:25:24,-60:20:30,0.351,0.305,0.193,0.118,0.127
J0625-5438,06:25:52,-54:38:51,0.883,0.888,0.726,0.5,0.203
0624-058,06:27:10,-05:53:05,12.015,5.706,1.762,0.585,0.432
0628-627,06:28:57,-62:48:45,,0.344,0.263,0.211,
0627-199,06:29:24,-19:59:20,0.69,0.758,1.163,0.703,0.836
0629-418,06:31:12,-41:54:27,0.557,0.399,0.789,0.544,0.139
0637-752,06:35:47,-75:16:17,5.122,4.118,2.982,2.261,1.875
0637-337,06:39:21,-33:46:00,0.383,0.703,0.343,0.153,0.053
0639-032,06:41:51,-03:20:49,0.554,0.708,0.958,0.996,1.145
J0642-6150,06:42:47,-61:50:09,0.168,0.157,0.107,0.085,0.106
0640+090,06:43:26,08:57:38,0.64,0.628,0.564,0.589,0.601
0642-349,06:44:25,-34:59:42,0.68,0.596,0.421,0.224,0.066
J0644-6712,06:44:28,-67:12:57,0.489,0.578,0.438,0.394,0.256
0646-306,06:48:14,-30:44:20,0.473,1.243,1.453,1.251,0.685
0647-475,06:48:48,-47:34:27,1.474,0.554,0.127,0.038,0.024
J0649-5920,06:49:29,-59:20:34,0.075,0.137,0.071,0.067,0.133
0648-165,06:50:25,-16:37:40,2.827,3.33,2.015,2.006,1.011
J0652-5751,06:52:44,-57:51:20,0.017,0.023,0.038,0.028,0.142
0650-063,06:53:01,-06:25:33,0.395,0.47,0.427,0.336,0.607
0653-033,06:56:11,-03:23:07,0.857,1.224,1.12,0.692,1.543
J0658-5840,06:58:14,-58:40:28,0.298,0.194,0.188,0.168,0.124
0656+082,06:59:18,08:13:31,0.849,0.806,0.319,0.212,0.149
J0700-6610,07:00:31,-66:10:45,0.492,0.538,0.488,0.4,1.094
0700-465,07:01:35,-46:34:37,,0.534,,,
0700-101,07:02:36,-10:15:06,0.304,0.463,0.385,0.308,0.171
0700-007,07:03:19,-00:51:05,0.518,0.46,0.437,0.203,0.508
J0705-6500,07:05:26,-65:00:43,0.163,0.136,0.12,0.089,0.112
0704-231,07:06:33,-23:11:38,2.89,1.33,0.563,0.236,0.213
0706-113,07:09:10,-11:27:48,0.095,0.127,0.105,0.089,0.195
0707-036,07:10:20,-03:43:28,1.08,0.68,0.368,0.267,0.213
J0715-6829,07:15:09,-68:29:58,0.143,0.206,0.421,0.368,0.147
J0715-6627,07:15:13,-66:27:52,0.487,0.248,0.086,0.042,0.113
J0716-6240,07:16:34,-62:40:27,0.168,0.341,0.278,0.272,0.139
J0719-6218,07:19:04,-62:18:02,0.132,0.145,0.177,0.154,0.131
J0719-5228,07:19:14,-52:28:33,0.212,0.221,0.186,0.144,0.111
0718+042,07:21:24,04:06:44,0.464,0.703,0.633,0.625,1.096
J0723-8247,07:23:39,-82:47:41,0.16,0.125,0.103,0.057,0.296
0721-071,07:24:17,-07:15:20,0.673,2.099,1.518,1.168,0.286
0723-189,07:25:50,-19:04:19,0.137,0.13,0.137,0.115,0.059
0723-008,07:25:51,-00:54:57,10.335,8.484,4.383,3.162,4.004
0724-47,07:26:26,-47:28:53,0.436,0.631,0.63,0.56,0.404
0727-365,07:29:05,-36:39:45,0.627,0.742,0.81,0.501,0.35
0727-115,07:30:19,-11:41:13,2.697,3.349,3.386,2.181,2.169
0728-235,07:31:07,-23:41:48,1.149,1.051,0.79,0.54,0.373
0729-222,07:31:32,-22:24:21,1.861,0.898,0.358,0.174,0.079
0729+019,07:32:23,01:50:35,0.259,0.271,0.272,0.241,0.06
0731-465,07:32:44,-46:40:17,0.853,0.64,0.324,0.161,0.095
0731+050,07:33:57,04:56:15,0.233,0.202,0.149,0.084,0.577
J0734-7711,07:34:43,-77:11:13,0.183,0.172,0.221,0.078,0.103
0733-174,07:35:46,-17:35:49,2.299,1.416,0.566,0.285,0.085
0736-332,07:38:17,-33:22:13,0.783,0.663,0.181,0.044,0.015
0736-303,07:38:20,-30:25:05,0.836,0.421,0.092,0.028,0.022
0736-063,07:38:57,-06:26:58,1.535,0.876,0.386,0.201,0.083
0736+017,07:39:18,01:37:05,1.053,1.126,1.507,1.452,1.516
0738-246,07:40:15,-24:44:37,0.533,0.47,0.401,0.284,0.154
J0741-4709,07:41:45,-47:09:26,0.401,0.634,0.61,0.713,0.186
0742-56,07:43:20,-56:19:33,0.505,0.684,0.531,0.395,0.316
0741-063,07:44:22,-06:29:36,6.258,2.775,0.791,0.292,0.079
0743-006,07:45:54,-00:44:18,1.273,1.832,1.453,1.13,0.448
0744-158,07:46:18,-15:55:34,0.338,0.397,0.204,0.149,0.18
J0746-5618,07:46:58,-56:18:33,0.083,0.121,0.114,0.116,0.123
0745-330,07:47:20,-33:10:47,0.892,1.085,1.33,1.267,1.722
0745-165,07:48:03,-16:39:50,1.155,0.913,0.615,0.388,0.364
J0748-5258,07:48:13,-52:58:32,0.176,0.178,0.196,0.123,0.16
0748-440,07:49:42,-44:12:30,1.24,0.33,0.044,0.01,0.021
0748+019,07:51:02,01:52:16,0.136,0.176,0.08,0.06,0.08
0754+100,07:57:07,09:56:35,1.048,1.66,1.69,1.412,0.734
0757-737,07:57:14,-73:53:09,0.601,0.359,0.306,0.171,0.154
0759-283,08:01:46,-28:31:07,0.211,0.232,0.171,0.111,0.05
0801+044,08:03:56,04:21:03,0.324,0.312,0.3,0.22,0.147
0802-276,08:04:51,-27:49:11,0.447,0.797,0.34,0.412,0.239
0804-267,08:06:13,-26:52:33,0.578,0.448,0.283,0.192,0.389
J0806-6101,08:06:49,-61:01:30,0.153,0.191,0.128,0.109,0.182
0805-077,08:08:16,-07:51:10,1.297,1.538,2.533,1.453,1.493
0805+053,08:08:39,05:14:40,0.1,0.104,0.092,0.07,0.354
0808+019,08:11:27,01:46:52,0.794,0.827,1.555,1.037,1.077
J0812-7420,08:12:31,-74:20:13,0.382,0.056,0.064,0.021,0.026
0812-354,08:14:15,-35:38:26,0.777,0.365,0.109,0.062,0.091
0812-029,08:15:28,-03:08:27,1.135,0.235,0.013,-0.022,0.024
J0817-4809,08:17:11,-48:09:20,0.126,0.318,0.085,0.071,0.021
0816+054,08:18:56,05:17:37,0.251,0.243,0.183,0.116,0.104
0818-128,08:20:57,-12:58:59,0.864,0.746,0.539,0.379,0.733
J0820-5705,08:20:59,-57:05:33,0.833,0.064,0.065,0.033,0.01
J0823-4501,08:23:27,-45:01:46,0.247,0.176,0.175,0.083,0.056
0823-500,08:25:27,-50:10:38,6.35,3.019,0.703,0.261,0.107
0823+033,08:25:50,03:09:25,1.661,1.544,1.857,1.176,1.706
0823-223,08:26:02,-22:30:27,0.77,1.23,1.148,0.893,1.869
0825-202,08:27:17,-20:26:22,2.169,0.851,0.165,0.042,0.041
0826-373,08:28:05,-37:31:06,1.8,1.851,1.328,0.903,0.962
0829+046,08:31:49,04:29:39,0.867,1.543,2.415,2.754,0.776
J0832-4846,08:32:13,-48:46:55,0.186,0.195,0.119,0.084,0.051
0830+040,08:33:19,03:50:32,0.338,0.306,0.328,0.281,0.394
J0833-7305,08:33:43,-73:05:26,0.271,0.213,0.174,0.042,0.265
0833-450,08:35:21,-45:10:35,0.446,0.031,0.001,0.002,0.01
J0835-5953,08:35:29,-59:53:11,0.072,0.35,0.584,0.45,0.729
0834-201,08:36:39,-20:17:00,1.623,0.92,0.471,0.465,1.077
0834-196,08:37:11,-19:51:57,3.491,1.468,0.423,0.19,0.1
0837+035,08:39:49,03:19:54,0.761,0.657,0.403,0.241,0.193
0837+012,08:39:50,01:04:27,0.832,0.895,0.963,1.045,0.799
0842-754,08:41:27,-75:40:28,0.948,,,,
0841-60,08:42:27,-60:53:50,0.712,0.618,0.405,0.271,1.538
0843-54,08:45:02,-54:58:09,0.862,1.037,0.746,0.718,0.703
J0845-6527,08:45:11,-65:27:23,0.133,0.371,0.148,0.051,0.08
0842+048,08:45:17,04:39:47,0.482,0.437,0.334,0.296,0.675
J0845-5555,08:45:50,-55:55:27,0.352,0.616,0.558,0.412,0.553
0843-259,08:46:01,-26:10:54,1.466,0.61,0.115,0.039,0.01
J0851-5228,08:51:56,-52:28:13,0.334,0.377,0.328,0.288,0.294
J0851-5441,08:51:58,-54:41:34,0.452,0.156,0.138,0.108,0.073
J0852-5755,08:52:39,-57:55:30,0.458,0.149,0.486,0.216,0.626
0850-206,08:53:00,-20:47:28,0.806,0.377,0.038,0.005,0.004
0851+071,08:53:48,06:54:47,0.61,0.321,0.211,0.191,0.682
0851+075,08:54:35,07:20:24,0.107,0.134,0.096,0.09,0.199
0851+202,08:54:49,20:06:31,,5.245,5.248,4.602,7.253
J0855-7149,08:55:12,-71:49:06,0.385,0.505,0.358,0.215,0.288
J0857-7719,08:57:43,-77:19:32,0.589,0.271,0.075,0.045,0.048
0858-279,09:00:40,-28:08:20,2.013,2.032,1.015,0.55,0.091
J0901-6636,09:01:16,-66:36:33,0.131,0.246,0.17,0.141,0.126
0859-140,09:02:17,-14:15:31,2.348,1.63,1.22,0.902,0.502
0903-573,09:04:53,-57:35:06,1.563,2.353,3.488,1.29,
0906-682,09:06:52,-68:29:40,1.197,0.398,0.09,0.018,0.031
0906-47,09:08:42,-47:36:51,0.797,0.458,0.216,0.152,0.15
0906+015,09:09:10,01:21:36,1.041,1.845,2.533,1.656,1.949
J0909-7445,09:09:21,-74:45:08,0.288,0.211,0.151,0.11,0.116
0907+022,09:09:40,02:00:05,0.16,0.158,0.083,0.081,0.206
0912+029,09:14:38,02:45:59,0.333,0.34,0.335,0.346,1.016
0913+003,09:15:52,00:07:13,0.31,0.24,0.158,0.106,0.122
J0919-5340,09:19:44,-53:40:06,2.191,0.42,0.302,0.313,0.239
0918+082,09:21:01,08:05:06,0.089,0.137,0.178,0.089,0.217
0919-260,09:21:29,-26:18:43,1.352,1.819,1.417,0.879,1.078
J0921-8209,09:21:43,-82:09:36,0.108,0.261,0.218,0.005,0.289
0920-397,09:22:46,-39:59:35,2.133,1.93,1.713,1.54,1.863
J0923-6648,09:23:48,-66:48:37,0.198,0.226,0.271,0.18,0.144
0922+005,09:25:08,00:19:14,1.003,1.063,0.598,0.369,0.332
0925-203,09:27:52,-20:34:51,0.648,0.583,0.441,0.781,0.379
0928+008,09:30:52,00:34:59,0.234,0.232,0.12,0.273,0.281
J0931-6229,09:31:28,-62:29:36,0.404,0.314,0.215,0.181,0.108
J0932-6419,09:32:16,-64:19:17,0.343,0.205,0.098,0.057,0.036
0932+094,09:35:14,09:15:08,0.112,0.171,0.109,0.078,0.179
J0938-6556,09:38:42,-65:56:13,0.148,0.219,0.147,0.085,0.044
0939-608,09:40:47,-61:07:28,0.915,1.37,1.289,0.902,1.327
J0942-7731,09:42:43,-77:31:12,0.141,0.199,0.31,0.233,0.604
J0943-7620,09:43:20,-76:20:02,,0.19,0.003,0.001,
0941-080,09:43:37,-08:19:31,2.275,1.146,0.37,0.176,0.028
0943+105,09:46:35,10:17:06,,0.345,0.222,0.145,
0945-321,09:48:10,-32:23:47,0.519,0.365,0.15,0.111,0.055
0946+006,09:48:57,00:22:26,0.137,0.203,0.253,0.309,0.56
J0953-6924,09:53:21,-69:24:25,0.141,0.212,0.191,0.103,0.111
J0958-5757,09:58:03,-57:57:37,,0.009,,,
0956-40,09:58:38,-41:10:33,0.522,0.398,0.437,0.291,0.098
0959-443,10:02:00,-44:38:01,0.463,0.529,0.45,0.321,0.082
J1002-7008,10:02:22,-70:08:16,0.405,0.306,0.198,0.158,0.215
1004-50,10:06:14,-50:18:13,0.521,0.622,0.803,0.836,1.194
1004-018,10:07:04,-02:07:11,0.512,0.543,0.562,0.361,0.227
J1007-5356,10:07:21,-53:56:42,0.391,0.222,0.088,0.054,0.037
1005+077,10:08:00,07:30:17,1.739,1.858,0.239,0.094,0.226
1005+066,10:08:01,06:21:21,0.188,0.235,0.415,0.219,0.317
1008+066,10:11:00,06:24:40,1.723,0.597,0.053,0.016,0.194
1012-44,10:14:50,-45:08:41,0.803,0.745,0.487,0.41,0.48
1013+054,10:16:03,05:13:02,0.262,0.346,0.153,0.264,0.179
J1017-5224,10:17:17,-52:24:47,0.281,0.264,0.224,0.167,0.09
1015-314,10:18:09,-31:44:14,3.291,1.353,0.457,0.235,0.087
1015+057,10:18:28,05:30:30,0.236,0.336,0.134,0.196,0.267
1016-311,10:18:29,-31:23:54,0.376,0.55,0.562,0.712,0.542
J1019-6047,10:19:54,-60:47:48,0.422,0.548,0.214,0.315,0.419
1018-426,10:20:03,-42:51:42,2.605,0.82,0.134,0.015,0.023
1022-66,10:23:44,-66:46:49,1.008,0.986,0.482,0.315,0.34
1021-006,10:24:30,-00:52:55,0.779,0.571,0.252,0.092,0.156
J1028-6441,10:28:04,-64:41:16,0.167,0.113,0.082,0.039,0.176
1025+031,10:28:20,02:55:22,0.203,0.268,0.198,0.176,0.173
1026+055,10:29:22,05:19:39,0.185,0.166,0.118,0.107,0.205
1030-340,10:33:13,-34:18:45,0.973,0.253,0.027,0.005,0.038
1032-199,10:35:02,-20:11:34,1.162,1.15,0.805,0.744,0.344
J1036-5047,10:36:44,-50:47:43,0.32,0.244,0.149,0.177,0.257
1034-374,10:36:53,-37:44:14,,0.414,,,
1034-293,10:37:16,-29:34:03,1.249,1.209,1.651,1.66,1.533
1035+046,10:37:39,04:24:02,0.191,0.139,0.137,0.088,0.25
1036-697,10:38:29,-70:03:09,1.709,0.612,0.12,0.048,0.009
1036-52,10:38:41,-53:11:43,1.321,1.472,1.134,0.872,0.789
1036+054,10:38:47,05:12:29,0.72,1.614,1.247,0.981,0.227
1036-154,10:39:07,-15:41:07,0.343,0.552,0.437,0.34,0.216
1038+064,10:41:17,06:10:17,1.818,1.531,1.039,1.162,0.204
J1041-6431,10:41:17,-64:31:02,0.125,0.122,0.095,0.128,0.467
1039+029,10:41:39,02:42:31,2.279,0.467,0.205,0.083,0.174
1039-47,10:41:45,-47:40:00,2.447,1.972,1.247,0.807,0.731
1041-45,10:43:51,-45:30:10,0.699,0.607,0.185,0.067,0.011
1042+071,10:44:56,06:55:38,0.379,0.321,0.242,0.262,0.178
1042-594,10:45:04,-59:41:04,0.006,0.452,0.086,,
1045-62,10:47:43,-62:17:15,1.16,1.254,1.208,0.758,1.239
1045-188,10:48:07,-19:09:36,0.862,0.955,0.911,0.988,0.818
1045+011,10:48:08,00:55:43,0.472,0.327,0.257,0.151,0.161
J1048-4639,10:48:18,-46:39:17,0.522,0.346,0.275,0.251,0.305
1046-409,10:48:38,-41:14:00,1.097,0.468,0.301,0.225,0.392
J1050-7254,10:50:45,-72:54:32,0.057,0.18,0.055,0.031,0.031
1048-47,10:50:53,-47:19:05,0.942,0.674,0.342,0.221,0.185
1048-313,10:51:05,-31:38:14,0.713,0.469,0.349,0.197,0.127
1049-53,10:51:09,-53:44:47,0.718,0.63,0.43,0.285,0.459
1049-650,10:51:24,-65:18:09,,0.261,,,
J1053-5546,10:53:52,-55:46:50,0.206,0.18,0.207,0.151,0.237
J1055-5413,10:55:17,-54:13:32,0.421,0.115,0.121,0.088,0.049
1055-242,10:57:55,-24:33:49,0.875,0.563,0.27,0.181,0.092
1055+018,10:58:30,01:33:59,4.145,5.024,5.768,5.194,5.082
1057-797,10:58:43,-80:03:54,0.837,3.645,3.311,2.59,3.374
J1100-4249,11:00:50,-42:49:13,0.223,0.27,0.175,0.103,0.124
1059-63,11:01:54,-63:25:23,0.973,0.596,0.445,0.371,0.546
J1102-4404,11:02:05,-44:04:23,0.445,0.878,1.256,0.575,1.003
J1103-5626,11:03:15,-56:26:36,0.095,0.108,0.077,0.08,0.181
1101-325,11:03:32,-32:51:17,0.51,0.779,0.527,0.446,0.346
1101-536,11:03:52,-53:57:01,0.695,0.84,0.871,0.838,0.816
1103-208,11:06:22,-21:09:00,1.048,0.551,0.051,0.009,0.111
1104-445,11:07:09,-44:49:08,2.68,2.463,1.922,1.767,2.527
1105-680,11:07:13,-68:20:51,0.897,1.081,0.761,0.477,0.318
J1108-4329,11:08:32,-43:29:40,0.158,0.162,0.101,0.071,0.054
J1109-4815,11:09:19,-48:15:19,0.163,0.178,0.24,0.291,0.489
1109-56,11:12:07,-57:03:40,0.724,0.695,0.459,0.37,0.4
1110-217,11:12:50,-21:58:29,1.107,0.661,0.255,0.156,0.161
1113+087,11:16:10,08:29:22,0.147,0.296,0.345,0.237,0.212
1116-462,11:18:27,-46:34:15,2.466,1.441,1.396,1.178,0.882
1116+128,11:18:57,12:34:42,,1.663,,,
1116-027,11:19:25,-03:02:51,0.887,0.165,0.021,0.001,0.199
1117-248,11:20:09,-25:08:08,1.327,0.65,0.173,0.031,0.165
1117+146,11:20:28,14:20:55,,0.987,0.318,0.148,0.065
1118+073,11:20:38,07:04:47,0.294,0.215,0.112,0.063,0.266
1120+057,11:23:09,05:30:21,1.05,0.407,0.039,0.029,0.212
J1123-6417,11:23:19,-64:17:36,0.163,0.27,0.491,0.544,0.684
J1123-5334,11:23:54,-53:34:17,0.064,0.06,0.084,0.036,0.109
1123-351,11:25:53,-35:23:43,0.08,0.031,0.049,0.042,0.056
1124-186,11:27:04,-18:57:17,0.854,1.041,0.945,1.295,2.232
1127-145,11:30:07,-14:49:27,4.208,4.288,3.28,2.619,1.555
1128+090,11:30:36,08:46:43,0.198,0.154,0.113,0.095,0.14
1128-047,11:31:31,-05:00:20,0.595,0.582,0.438,0.36,0.361
1129-58,11:31:43,-58:18:53,0.632,1.46,1.616,1.052,0.312
J1132-5606,11:32:16,-56:06:45,0.36,0.371,0.383,0.396,0.966
1130+008,11:32:46,00:34:28,0.334,0.265,0.157,0.108,0.172
1130+005,11:33:03,00:15:49,0.312,0.277,0.179,0.163,0.153
1130+009,11:33:20,00:40:53,0.287,0.284,0.193,0.155,0.157
1133-681,11:36:02,-68:27:06,1.108,1.315,0.943,0.697,0.54
1133-739,11:36:10,-74:15:45,,0.473,,,
1136-135,11:39:11,-13:50:44,0.384,0.562,0.451,0.388,0.216
1140-114,11:42:35,-11:41:48,0.684,0.212,0.028,0.007,0.206
1142+052,11:45:21,04:55:27,0.49,0.354,0.276,0.267,0.143
1142-225,11:45:22,-22:50:31,0.67,0.682,0.503,0.389,0.194
J1145-4836,11:45:31,-48:36:10,0.602,0.68,0.566,0.505,0.646
1143-245,11:46:08,-24:47:33,1.327,1.066,0.485,0.259,0.121
1143-287,11:46:26,-28:59:19,0.272,0.295,0.426,0.339,0.906
1143-332,11:46:28,-33:28:43,0.363,0.351,0.24,0.223,0.45
1144-379,11:47:01,-38:12:11,1.705,2.436,2.008,2.569,2.69
J1147-6753,11:47:33,-67:53:42,0.757,1.495,0.754,1.207,1.116
1145-071,11:47:52,-07:24:41,1.318,1.125,0.719,0.499,0.316
J1148-6745,11:48:18,-67:45:39,0.285,0.242,0.141,0.097,0.155
1147+245,11:50:19,24:17:54,,,0.756,0.696,
J1150-5416,11:50:34,-54:16:42,0.088,0.415,0.231,0.107,0.13
1148-001,11:50:44,-00:23:54,2.413,1.828,1.042,0.911,
1148-671,11:51:13,-67:28:11,1.876,1.559,0.579,0.286,0.095
J1152-0841,11:52:17,-08:41:03,1.023,1.035,2.439,0.491,
J1152-8344,11:52:53,-83:44:09,0.203,0.457,0.389,0.38,0.378
1151-350,11:53:36,-35:22:32,0.637,0.517,0.225,0.137,0.107
J1154-6542,11:54:15,-65:42:16,0.116,0.123,0.262,0.266,0.197
1151-348,11:54:22,-35:05:29,6.12,2.854,0.989,0.529,0.454
1156-221,11:59:11,-22:28:37,0.878,0.357,0.199,0.14,0.16
1156+101,11:59:12,09:54:47,0.15,0.182,0.135,0.158,0.242
1156-094,11:59:13,-09:40:52,0.851,0.653,0.411,0.315,0.148
1156+295,11:59:32,29:14:44,2.032,2.466,3.786,,
1157-215,11:59:52,-21:48:54,0.608,0.777,0.355,0.18,0.12
1159-515,12:01:43,-51:50:34,0.374,0.45,0.099,0.035,0.013
J1204-5055,12:04:59,-50:55:57,0.135,0.245,0.216,0.113,0.055
1203-262,12:05:33,-26:34:04,0.821,0.66,0.519,0.636,0.501
1204+057,12:06:58,05:29:52,0.394,0.308,0.228,0.165,0.137
J1207-4734,12:07:24,-47:34:54,0.426,0.616,0.552,0.64,0.423
J1208-7809,12:08:18,-78:09:49,0.142,0.144,0.094,0.081,0.406
1206-238,12:09:02,-24:06:21,0.644,1.044,1.158,1.148,0.956
1206-399,12:09:35,-40:16:13,0.464,0.279,0.161,0.114,0.069
1207-319,12:09:40,-32:14:53,0.281,0.25,0.256,0.22,0.099
1213-172,12:15:47,-17:31:45,2.592,2.397,2.195,1.609,1.217
1214-60,12:17:06,-61:13:25,0.546,0.377,0.162,0.087,0.115
1215-457,12:18:06,-46:00:29,4.648,2.066,0.773,0.379,0.303
1217+023,12:20:12,02:03:42,0.482,0.444,0.463,0.895,1.133
1217-55,12:20:26,-56:04:43,0.263,0.423,0.369,0.234,0.307
J1221-4559,12:21:47,-45:59:06,0.596,0.585,0.398,0.505,0.242
1219+054,12:21:52,05:10:16,0.312,0.231,0.191,0.153,0.126
J1222-6035,12:22:06,-60:35:32,0.42,0.407,0.453,0.297,0.242
J1222-4122,12:22:10,-41:22:58,0.181,0.168,0.175,0.109,0.13
1219+044,12:22:23,04:13:16,0.774,0.604,0.585,1.204,0.326
1221-665,12:24:32,-66:50:13,1.407,0.67,0.146,0.054,0.017
1222+037,12:24:52,03:30:50,0.523,0.861,1.628,0.88,0.91
1221-829,12:24:54,-83:13:10,0.719,0.984,0.474,0.528,0.477
1222+216,12:24:54,21:22:46,,1.235,0.819,1.898,
J1225-4936,12:25:43,-49:36:46,0.31,0.32,0.256,0.296,0.368
J1226-4557,12:26:48,-45:57:39,0.534,0.583,0.558,0.323,0.251
1226+023,12:29:07,02:03:09,40.702,26.549,16.324,11.783,11.513
J1229-6003,12:29:27,-60:03:37,0.177,0.147,0.143,0.09,0.226
1228+126,12:30:49,12:23:28,,1.79,0.006,3.52,
1228+045,12:31:28,04:18:02,0.556,0.466,0.24,0.214,0.345
J1234-6139,12:34:52,-61:39:09,,0.09,,,
1232-416,12:35:42,-41:53:19,1.357,0.401,0.063,0.021,0.184
J1237-7235,12:37:12,-72:35:31,0.212,0.203,0.219,0.141,0.266
1234-504,12:37:15,-50:46:23,1.84,0.537,0.104,0.037,0.022
1235+076,12:38:02,07:23:22,0.28,0.536,0.581,0.448,0.345
1236+077,12:39:25,07:30:17,0.445,0.451,0.455,0.319,1.417
1237-101,12:39:43,-10:23:29,1.809,1.141,0.631,0.455,0.3
1236-684,12:39:47,-68:45:31,0.534,0.362,0.286,0.155,0.398
1239-044,12:42:20,-04:46:21,2.46,0.836,0.065,0.022,0.01
J1243-6811,12:43:45,-68:11:03,0.342,0.278,0.202,0.164,0.299
J1244-5213,12:44:33,-52:13:01,0.325,0.268,0.236,0.229,0.267
1243-412,12:45:58,-41:28:45,1.348,0.55,0.204,0.114,0.08
1243-072,12:46:04,-07:30:47,0.708,0.837,1.191,0.758,0.745
1244-255,12:46:47,-25:47:49,0.654,0.563,0.797,0.801,4.175
1245-197,12:48:24,-19:59:19,4.747,2.202,0.7,0.312,
1248-350,12:51:39,-35:18:40,,0.228,,,
J1252-6737,12:52:43,-67:37:39,1.009,0.693,0.547,0.358,0.465
1252+119,12:54:38,11:41:06,,0.799,0.817,,
1252+028,12:54:45,02:33:29,0.166,0.181,0.131,0.085,0.048
J1254-6111,12:54:47,-61:11:35,0.239,0.219,0.184,0.13,0.426
1251-713,12:55:00,-71:38:18,1.265,0.961,0.857,0.54,0.892
J1256-6449,12:56:03,-64:49:15,0.358,0.2,0.281,0.114,0.35
1253-055,12:56:11,-05:47:22,11.42,15.984,23.864,18.426,18.344
1255-316,12:57:59,-31:55:17,1.822,2.349,1.514,1.134,0.456
1256-220,12:58:54,-22:19:31,0.88,0.935,0.788,0.778,
J1259-2310,12:59:08,-23:10:37,,0.369,,,
1258+087,13:00:36,08:28:03,0.133,0.215,0.319,0.228,0.183
J1303-5540,13:03:49,-55:40:32,0.372,0.281,0.582,0.41,0.687
1302-102,13:05:33,-10:33:19,0.956,0.822,0.833,0.662,1.68
1305-668,13:08:17,-67:07:05,0.56,0.483,0.463,0.436,0.309
J1308-4352,13:08:23,-43:52:04,0.202,0.272,0.187,0.181,0.132
1306-095,13:08:39,-09:50:33,3.934,1.942,0.671,0.223,0.319
1307+010,13:10:29,00:44:09,0.216,0.198,0.165,0.095,0.04
1308-220,13:11:39,-22:16:42,3.918,1.051,0.171,0.058,0.031
J1312-7724,13:12:39,-77:24:13,0.244,0.266,0.201,0.161,0.329
1313-333,13:16:08,-33:38:59,1.33,1.341,1.232,1.188,1.204
J1317-4522,13:17:40,-45:22:19,0.259,0.226,0.252,0.139,0.162
1315-46,13:18:30,-46:20:35,1.837,0.632,0.163,0.074,0.04
J1322-8419,13:22:28,-84:19:34,0.143,0.134,0.093,0.074,
J1322-6532,13:22:54,-65:32:20,0.596,0.644,0.444,0.265,0.288
1320-446,13:23:04,-44:52:34,2.631,1.006,0.27,0.109,0.041
1322-427,13:25:28,-43:01:09,2.12,6.604,6.998,6.537,17.844
J1326-5256,13:26:49,-52:56:24,1.108,1.051,1.319,0.812,2.434
J1327-4214,13:27:36,-42:14:32,0.323,0.175,0.099,0.092,0.058
1325-55,13:29:01,-56:08:03,0.499,0.616,0.515,0.764,1.125
J1330-7003,13:30:11,-70:03:13,0.415,0.528,0.481,0.68,0.917
1327-311,13:30:19,-31:22:59,0.497,0.411,0.305,0.218,0.099
1328+307,13:31:08,30:30:33,10.725,7.077,1.378,,
1329-665,13:32:38,-66:46:50,2.238,0.733,0.209,0.091,0.057
1334-127,13:37:40,-12:57:25,2.465,2.421,2.304,3.575,5.862
1335-061,13:38:08,-06:27:11,1.633,0.522,0.032,0.031,0.026
1336-260,13:39:20,-26:20:30,0.808,0.922,0.841,0.627,0.44
1338-58,13:42:13,-58:27:59,2.521,0.878,0.177,0.055,0.004
J1345-6936,13:45:12,-69:36:52,0.088,0.125,0.15,0.083,0.082
1343-300,13:45:52,-30:15:05,1.236,0.55,0.19,0.089,0.044
1344-078,13:47:02,-08:03:24,1.113,0.244,0.027,0.019,0.005
1345+125,13:47:33,12:17:24,,3.258,1.808,,
1346-391,13:49:51,-39:22:50,1.273,0.389,0.055,0.039,0.214
1349-145,13:51:53,-14:49:15,1.038,0.928,0.663,0.396,0.373
1337-875,13:52:16,-87:50:39,0.164,0.079,0.044,0.002,
J1352-4150,13:52:48,-41:50:30,0.142,0.123,0.099,0.072,0.11
1349-439,13:52:57,-44:12:40,0.381,0.704,0.757,0.936,0.285
J1353-8751,13:53:03,-87:51:08,0.406,0.31,0.171,0.102,
1351-018,13:54:07,-02:06:03,0.873,0.776,0.506,0.343,0.17
J1354-7353,13:54:45,-73:53:42,0.283,0.25,0.176,0.086,0.177
J1354-1041,13:54:47,-10:41:03,0.589,0.531,0.487,0.531,1.296
J1355-5236,13:55:33,-52:36:44,0.094,0.137,0.097,0.082,0.053
1352-63,13:55:47,-63:26:43,1.24,0.942,0.625,0.367,0.713
1353-341,13:56:05,-34:21:11,0.635,0.541,0.275,0.164,0.091
1354-174,13:57:06,-17:44:02,1.215,0.818,0.365,0.207,0.073
1354-152,13:57:11,-15:27:29,0.225,0.735,1.17,1.69,0.589
1356+022,13:59:27,01:59:55,0.444,0.588,0.824,0.769,0.558
J1400-5604,14:00:42,-56:04:56,0.23,0.17,0.228,0.116,0.425
1402-012,14:04:46,-01:30:22,0.574,0.497,0.265,0.119,0.002
1402+044,14:05:01,04:15:36,0.979,0.839,0.663,0.304,0.24
J1405-6904,14:05:28,-69:04:02,0.486,0.267,0.192,0.101,0.135
1404+286,14:07:00,28:27:15,,,0.28,,
J1407-4302,14:07:40,-43:02:32,0.134,0.224,0.337,0.326,0.273
J1408-5712,14:08:26,-57:12:54,0.117,0.175,0.147,0.32,0.331
1406-076,14:08:56,-07:52:27,0.716,0.974,0.918,1.618,0.883
1406-267,14:09:50,-26:57:37,0.555,0.531,0.641,0.316,0.265
1407+022,14:10:05,02:03:07,0.579,0.588,0.531,0.326,0.149
1408+077,14:10:35,07:31:21,,0.123,0.143,0.092,0.153
1412-368,14:15:26,-37:05:27,0.343,0.306,0.185,0.134,0.143
1413+135,14:15:59,13:20:24,,0.83,0.695,,
1414-59,14:17:42,-59:50:38,0.562,0.649,0.629,0.453,0.769
1416+067,14:19:08,06:28:35,3.874,1.23,0.454,0.108,0.018
J1419-5155,14:19:35,-51:54:59,,0.811,,,
J1421-4820,14:21:39,-48:20:23,0.257,0.397,0.569,0.369,0.512
1421-490,14:24:32,-49:13:50,8.658,5.403,2.785,1.75,1.168
J1424-7241,14:24:52,-72:41:17,0.489,0.301,0.154,0.103,0.397
1420-679,14:24:56,-68:07:58,,1.458,,,
1422-297,14:25:29,-29:59:54,0.943,0.615,0.2,0.05,0.019
J1427-3306,14:27:42,-33:05:32,0.107,0.537,0.775,0.844,1.871
1424-418,14:27:56,-42:06:19,2.663,7.277,7.605,5.795,6.024
1425-274,14:28:28,-27:41:51,1.079,0.514,0.133,0.026,0.049
J1431-4501,14:31:01,-45:01:01,0.42,0.438,0.298,0.223,0.219
1430-178,14:32:58,-18:01:35,0.669,0.52,0.765,0.487,0.251
1430-155,14:33:21,-15:48:45,0.69,0.958,0.586,0.368,0.164
J1433-8341,14:33:28,-83:41:09,0.161,0.28,0.215,0.253,0.404
1431-48,14:35:17,-48:21:48,1.606,0.939,0.387,0.188,0.168
1435-218,14:38:09,-22:04:55,0.704,0.798,0.766,0.538,0.346
1436-167,14:39:29,-16:59:03,1.34,0.418,0.099,0.028,-0.001
1437-153,14:39:57,-15:31:51,0.428,0.345,0.32,0.211,0.171
J1442-5407,14:42:33,-54:07:53,0.41,0.27,0.129,0.094,0.094
1442+101,14:45:16,09:58:36,1.896,0.947,0.308,0.184,0.038
1443-162,14:45:53,-16:29:02,0.314,0.401,0.261,0.348,0.228
1445-162,14:48:15,-16:20:25,1.529,0.98,0.738,0.268,0.356
1446+042,14:48:50,04:02:20,0.439,0.574,0.294,0.553,0.157
1448+093,14:50:31,09:10:28,0.181,0.136,0.376,0.293,0.503
J1450-5614,14:50:35,-56:14:53,0.291,0.228,0.194,0.164,0.191
1448-232,14:51:03,-23:29:30.,,0.239,,,
1450-338,14:54:02,-34:00:57,0.998,0.58,0.253,0.139,0.146
1451-375,14:54:27,-37:47:33,1.354,1.905,1.814,0.997,1.069
1451-400,14:54:33,-40:12:33,0.872,0.744,0.554,0.299,0.241
J1456-5618,14:56:04,-56:18:37,0.214,0.196,0.255,0.212,0.124
J1457-4248,14:57:13,-42:48:37,0.164,0.223,0.315,0.183,0.099
1454-354,14:57:27,-35:39:10,,0.95,1.222,1.121,
1455+080,14:57:38,07:49:55,0.126,0.126,0.052,0.078,0.109
1456+044,14:58:59,04:16:14,0.492,0.334,0.294,0.296,0.299
1456-367,14:59:16,-36:55:48,1.148,0.649,0.259,0.1,0.073
1458-391,15:01:35,-39:18:39,2.299,1.17,0.368,0.163,0.065
J1504-4248,15:04:06,-42:48:21,0.233,0.229,0.247,0.385,0.295
1502+106,15:04:25,10:29:39,,1.551,2.521,,
1502+036,15:05:06,03:26:31,0.557,0.82,0.729,0.51,0.737
1504-166,15:07:05,-16:52:30,0.989,1.794,1.432,2.656,0.778
1505+044,15:08:00,04:15:12,0.158,0.21,0.129,0.113,0.232
1505-49,15:08:39,-49:53:02,0.653,0.541,0.505,0.23,0.841
1508-055,15:10:54,-05:43:07,2.601,2.045,0.83,0.614,0.55
J1511-5203,15:11:09,-52:03:47,0.291,0.233,0.13,0.086,0.118
1509+054,15:11:41,05:18:09,0.188,0.808,0.651,0.369,0.114
1510-089,15:12:51,-09:06:00,1.872,2.562,3.502,3.033,3.083
J1513-4221,15:13:31,-42:21:56,0.126,0.2,0.215,0.156,0.403
1511-100,15:13:45,-10:12:00,0.928,1.024,1.204,0.9,0.994
1511-210,15:13:57,-21:14:58,0.497,0.512,0.335,0.233,0.121
1512+030,15:14:35,02:52:48,0.195,0.253,0.249,0.182,0.167
1511-47,15:14:40,-47:48:30,1.124,1.138,1.469,0.944,0.659
1511-55,15:15:13,-55:59:33,2.158,2.04,1.696,1.255,0.605
1514+004,15:16:40,00:15:02,0.725,0.674,0.935,0.61,1.058
1514-241,15:17:42,-24:22:19,2.295,2.417,2.503,2.355,1.888
1518+045,15:21:23,04:20:30,0.823,0.265,0.259,0.205,0.271
1519-273,15:22:38,-27:30:11,0.828,1.328,1.186,0.94,0.715
1520-58,15:24:51,-59:03:40,0.453,0.429,0.287,0.489,0.297
1524-136,15:26:59,-13:51:00,1.591,1.151,0.454,0.242,0.104
J1531-5108,15:31:44,-51:09:00,0.563,0.404,0.366,0.313,0.494
J1533-6837,15:33:34,-68:37:20,0.324,0.365,0.34,0.259,0.238
J1534-5351,15:34:21,-53:51:13,0.841,0.975,1.481,1.081,1.017
1532+016,15:34:52,01:31:04,0.731,0.725,0.755,0.653,0.554
J1535-4730,15:35:52,-47:30:23,0.204,0.279,0.36,0.208,0.364
J1538-6525,15:38:12,-65:25:51,0.217,0.166,0.103,0.051,0.072
1535+004,15:38:16,00:19:05,0.369,0.296,0.199,0.119,0.081
1536+046,15:39:10,04:30:51,0.046,0.292,0.083,0.172,0.25
1540-077,15:43:02,-07:57:07,1.332,1.025,0.451,0.264,0.127
1542+042,15:44:59,04:07:46,0.515,0.446,0.315,0.165,0.72
1543+005,15:46:10,00:26:25,1.152,0.946,0.393,0.292,0.18
J1546-6837,15:46:44,-68:37:30,0.177,0.118,0.067,0.084,0.329
J1548-6401,15:48:30,-64:01:35,0.372,0.558,0.421,0.391,0.494
1546+027,15:49:29,02:37:01,2.579,3.52,2.972,2.962,4.653
1548+056,15:50:35,05:27:10,2.718,2.346,2.061,1.681,2.063
1540-828,15:50:59,-82:58:07,1.21,1.308,1.012,0.523,1.75
J1552-7614,15:52:20,-76:14:47,0.219,0.186,0.099,0.096,0.421
1551+130,15:53:33,12:56:52,,0.874,0.783,,
1550-269,15:54:02,-27:04:40,0.968,0.896,0.62,0.403,0.328
J1555-4522,15:55:16,-45:22:38,0.403,0.53,0.272,0.149,0.079
J1555-7940,15:55:20,-79:40:37,,0.361,,,
1549-790,15:56:59,-79:14:04,3.777,1.909,0.673,0.355,0.548
1555+001,15:57:51,-00:01:50,0.342,0.621,0.508,0.396,0.435
1555-140,15:58:22,-14:09:59,0.4,0.365,0.173,0.089,0.056
1554-64,15:58:50,-64:32:30,0.702,0.604,0.503,0.411,0.322
1557+032,15:59:31,03:04:48,0.54,0.627,0.424,0.25,0.151
1600-48,16:03:51,-49:04:06,1.374,1.13,0.689,0.47,0.264
1600-44,16:04:31,-44:41:32,1.551,1.222,1.22,1.542,1.378
1602+014,16:04:45,01:17:51,1.026,0.464,0.07,0.05,0.029
1602-174,16:05:02,-17:34:14,0.851,0.274,0.029,0.005,0.052
1604-333,16:07:35,-33:31:09,0.12,0.15,0.225,0.246,0.101
1606+106,16:08:46,10:29:08,,0.857,1.366,,
1607+268,16:09:13,26:41:29,,,0.389,,
1606-39,16:10:22,-39:58:58,0.519,0.464,0.525,0.482,0.935
1614+051,16:16:38,04:59:33,0.662,1.127,0.583,0.205,0.233
1613-586,16:17:18,-58:48:08,5.55,5.001,3.207,2.03,1.632
J1617-5914,16:17:42,-59:14:36,0.153,0.181,0.193,0.174,0.058
1610-771,16:17:49,-77:17:18,3.098,2.704,2.123,1.745,0.608
1615+029,16:17:50,02:46:43,0.43,0.489,0.525,0.571,0.153
1616+063,16:19:04,06:13:02,0.907,0.885,0.318,0.34,0.09
1607-841,16:19:34,-84:18:19,1.021,0.344,0.071,0.026,0.031
J1619-4228,16:19:55,-42:28:15,0.054,0.257,0.107,0.075,0.022
1616-52,16:20:18,-52:09:27,0.341,0.539,0.387,0.269,0.097
1621+078,16:23:58,07:41:31,0.09,0.178,0.301,0.369,0.136
1621-115,16:24:00,-11:40:44,1.444,0.284,0.038,0.037,0.031
1621+058,16:24:08,05:43:24,0.108,0.131,0.189,0.109,0.037
1619-680,16:24:18,-68:09:13,2.051,1.888,0.859,0.422,0.162
1622-253,16:25:47,-25:27:38,1.16,2.031,1.566,1.095,2.17
1622-310,16:25:55,-31:08:08,1.042,0.537,0.227,0.178,0.085
1622-297,16:26:06,-29:51:27,1.959,1.667,0.961,0.87,1.577
1623-492,16:27:04,-49:23:37,0.022,0.01,0.008,0.001,0.002
1624-61,16:28:55,-61:52:36,0.947,1.369,0.954,0.841,0.162
J1628-49,16:28:58,-49:36:25,0.06,0.499,0.001,0.002,0.031
1625-492,16:29:23,-49:22:03,0.103,0.203,0.184,0.124,0.098
J1631-5256,16:31:07,-52:56:36,0.089,0.139,0.106,0.103,0.115
J1631-4345,16:31:38,-43:45:25,0.229,0.375,0.502,0.285,0.078
J1636-4101,16:36:55,-41:02:01,,1.152,,,
J1639-6044,16:39:26,-60:44:22,0.12,0.188,0.164,0.124,0.059
1633-810,16:42:57,-81:08:35,0.293,0.25,0.193,0.174,0.315
1641+399,16:42:59,39:48:37,,,6.871,,
1641+074,16:44:16,07:20:34,0.35,0.278,0.134,0.093,0
1643-223,16:46:05,-22:28:00,0.78,0.376,0.058,0.024,0.002
1642-645,16:47:38,-64:38:00,0.669,0.738,1.012,0.925,0.373
1646+042,16:49:28,04:12:04,0.362,0.526,0.339,0.52,0.226
1647+065,16:49:50,06:26:53,0.242,0.363,0.192,0.212,0.091
1646-50,16:50:17,-50:44:48,0.669,0.846,1.071,0.616,1.795
1648+084,16:50:38,08:24:52,0.196,0.13,0.388,0.116,0.11
1647-296,16:50:40,-29:43:47,0.487,0.271,0.81,0.339,1.353
1648+015,16:51:04,01:29:23,0.693,0.74,0.459,0.44,0.363
1649+063,16:52:01,06:18:55,0.407,0.503,0.447,0.256,0.174
J1657-6121,16:57:49,-61:21:38,0.221,0.287,0.198,0.135,0.014
1655+077,16:58:09,07:41:28,0.831,1.451,1.778,1.869,1.113
1656+053,16:58:33,05:15:16,0.719,0.431,0.135,0.11,0.126
1656-075,16:58:44,-07:39:18,0.88,0.822,0.429,0.187,0.13
J1659-5247,16:59:02,-52:47:14,0.11,0.143,0.126,0.075,0.063
1657+054,17:00:24,05:22:44,0.051,0.273,0.165,0.129,0.074
1657-261,17:00:53,-26:10:52,1.048,2.199,2.011,3.18,1.281
1657-298,17:01:10,-29:54:39,1.092,0.556,0.168,0.068,0.028
J1701-5703,17:01:27,-57:03:02,0.093,0.072,0.092,0.053,0.079
1657-56,17:01:45,-56:21:56,1.896,1.676,1.199,0.586,0.49
1658-62,17:03:37,-62:12:40,0.81,1.211,1.818,1.192,0.381
J1703-6511,17:03:50,-65:11:06,0.215,0.141,0.086,0.074,0.129
J1704-5751,17:04:18,-57:51:02,0.22,0.213,0.272,0.285,0.068
1705+018,17:07:34,01:48:46,0.821,1.073,0.409,0.336,0.279
1706+006,17:08:45,00:35:10,0.489,0.353,0.165,0.144,0.323
1706-174,17:09:34,-17:28:53,0.352,0.352,0.691,0.217,0.276
J1711-5028,17:11:41,-50:28:17,0.09,0.095,0.109,0.064,0.105
1709-281,17:12:57,-28:09:33,1.071,0.795,0.095,-0.003,-0.01
1710-269,17:13:31,-26:58:53,0.958,1.444,0.739,1.148,0.299
J1713-3706,17:13:45,-37:06:11,0.41,0.121,0.001,-0.002,
1711-251,17:14:48,-25:14:35,1.741,0.638,0.149,0.052,0.011
J1716-6045,17:16:56,-60:45:45,0.136,0.124,0.076,0.053,0.067
J1717-5702,17:17:02,-57:02:17,0.244,0.27,0.211,0.167,0.226
J1717-5155,17:17:35,-51:55:32,0.36,0.344,0.328,0.664,0.7
1714-336,17:17:36,-33:42:09,0.842,1.768,0.457,1.258,1.714
1714-397,17:17:39,-39:48:53,2.057,1.192,0.432,0.228,0.153
J1718-5815,17:18:38,-58:15:40,0.134,0.153,0.111,0.115,0.098
J1718-6239,17:18:58,-62:39:46,0.277,0.206,0.133,0.098,0.045
1716+070,17:19:11,06:58:16,0.212,0.409,0.207,0.378,0.19
1717+083,17:19:52,08:17:04,0.471,0.675,0.163,0.165,0.036
1717-358,17:20:22,-35:52:48,0.179,0.156,0.602,0.892,0.553
J1721-6154,17:21:39,-61:54:43,0.139,0.313,0.382,0.264,0.144
1718-649,17:23:41,-65:00:37,4.732,4.961,2.698,1.655,0.729
J1723-7713,17:23:51,-77:13:51,0.435,0.597,0.423,0.438,1.49
J1724-5911,17:24:50,-59:11:25,0.263,0.214,0.133,0.122,0.056
J1726-7259,17:26:01,-73:00:00,0.773,0.669,0.613,0.311,0.041
1724+066,17:26:45,06:39:19,0.205,0.147,0.108,0.094,0.092
1722-55,17:26:50,-55:29:41,4.568,1.812,0.293,0.088,0.01
1722-64,17:26:58,-64:27:53,3.087,1.174,0.243,0.084,0.007
1725+044,17:28:25,04:27:05,0.413,0.598,0.63,0.552,0.373
1728+004,17:30:35,00:24:39,0.173,0.2,0.214,0.188,0.782
J1732-5553,17:32:28,-55:53:51,0.096,0.17,0.221,0.096,0.006
1730-130,17:33:03,-13:04:50,5.544,5.067,3.891,2.411,3.25
1729-37,17:33:15,-37:22:32,1.13,1.547,1.133,1.06,1.121
1725-795,17:33:41,-79:35:56,,,,,0.713
1732+094,17:34:58,09:26:58,1.275,0.998,0.263,0.1,-0.003
J1735-6215,17:35:08,-62:15:22,0.513,0.559,0.505,0.303,0.245
1734+063,17:37:14,06:21:04,0.504,0.42,0.241,0.23,0.197
J1737-5921,17:37:20,-59:21:42,0.252,0.295,0.258,0.159,0.164
1733-565,17:37:36,-56:34:03,,0.003,0.086,0.056,
J1738-5334,17:38:39,-53:34:10,0.2,0.115,0.125,0.101,0.016
J1739-4137,17:39:06,-41:37:44,0.781,0.566,0.28,0.172,0.082
1740-309,17:43:18,-30:58:18,0.31,0.246,0.14,0.095,0.066
J1743-6626,17:43:49,-66:26:28,0.094,0.093,0.106,0.097,0.18
1741-038,17:43:59,-03:50:05,3.47,3.388,4.135,2.407,3.93
1741-312,17:44:24,-31:16:36,0.305,0.578,0.458,0.573,0.412
1740-517,17:44:25,-51:44:44,5.874,3.84,1.4,0.587,0.033
1742-078,17:45:27,-07:53:04,1.014,1.152,1.048,0.811,1.171
1743+173,17:45:35,17:20:01,,0.625,0.793,,
1742-289,17:45:40,-29:00:28,0.082,0.611,1.296,1.353,3.88
J1747-4057,17:47:06,-40:57:51,0.257,0.218,0.164,0.116,0.127
1743-531,17:47:20,-53:10:20,0.455,0.342,0.374,0.176,0.39
J1747-4213,17:47:41,-42:13:43,0.109,0.151,0.1,0.088,0.109
1745+085,17:48:06,08:32:19,0.216,0.237,0.155,0.093,0.01
J1748-5713,17:48:35,-57:13:33,0.194,0.297,0.231,0.125,0.073
J1749-6258,17:49:26,-62:58:19,0.076,0.335,0.397,0.307,0.146
1749+096,17:51:33,09:39:01,1.425,1.814,2.531,2.755,3.002
1748-253,17:51:51,-25:24:00,0.798,0.378,0.117,0.053,-0.004
J1753-5015,17:53:39,-50:15:14,0.078,0.164,0.123,0.163,0.138
J1755-5536,17:55:05,-55:36:55,0.276,0.337,0.289,0.198,0.161
1752-225,17:55:26,-22:32:11,0.351,0.502,0.271,0.308,0.129
J1757-4149,17:57:16,-41:49:19,0.403,0.427,0.365,0.275,0.246
1757-240,18:00:30,-24:04:01,0.261,0.442,1.358,0.325,
1756-663,18:01:18,-66:23:02,1.326,0.526,0.134,0.044,-0.028
J1801-6839,18:01:35,-68:39:58,0.501,0.369,0.174,0.028,-0.004
J1802-4925,18:02:10,-49:25:11,0.448,0.594,0.394,0.238,0.082
1759-39,18:02:43,-39:40:08,1.046,0.9,0.86,0.774,1.927
1758-651,18:03:23,-65:07:37,0.984,0.806,0.698,0.525,0.873
1801+095,18:03:34,09:34:26,0.142,0.122,0.108,,0.083
1801+036,18:03:56,03:41:08,0.281,0.223,0.186,0.14,0.438
1801+010,18:04:16,01:01:32,0.845,0.957,0.881,0.573,
J1805-6600,18:05:53,-66:00:17,0.228,0.218,0.189,0.126,0.081
J1806-7058,18:06:24,-70:58:29,0.264,0.366,0.243,0.139,0.005
J1806-8042,18:06:43,-80:42:34,0.289,0.243,0.171,0.194,0.857
1804-251,18:07:41,-25:06:26,0.247,0.269,0.251,0.148,0.174
J1807-6413,18:07:54,-64:13:50,0.164,0.311,0.419,0.303,0.383
1808-209,18:11:07,-20:55:03,0.685,0.303,0.079,0.035,0.159
1810-068,18:12:51,-06:48:24,1.131,0.934,0.297,0.148,0.295
1811+062,18:13:33,06:15:42,0.284,0.411,0.313,,0.381
1814-519,18:18:07,-51:58:08,1.777,0.388,0.065,0.045,-0.002
1815-111,18:18:19,-11:08:48,1.675,1.014,0.385,0.171,0.104
1814-637,18:19:35,-63:45:48,9.527,4.135,1.259,0.447,0.384
1815-553,18:19:45,-55:21:21,0.469,0.582,0.639,0.484,0.273
J1820-4542,18:20:17,-45:42:31,0.308,0.238,0.147,0.057,0.012
1817-098,18:20:38,-09:47:17,0.734,0.323,0.079,0.053,0.009
1817-254,18:20:58,-25:28:13,1.105,1.203,1.213,0.483,0.675
J1821-7635,18:21:25,-76:35:00,0.469,0.325,0.162,0.055,0.221
1819-131,18:22:11,-13:09:44,0.367,0.162,0.037,0.01,0.008
1819-096,18:22:29,-09:38:57,4.432,2.143,0.635,0.271,0.134
1821+107,18:24:03,10:44:24,,0.87,0.502,,
1822+012,18:24:48,01:19:34,0.169,0.276,0.218,0.164,0.283
J1825-5230,18:25:14,-52:30:58,0.297,0.335,0.268,0.31,0.402
1822-173,18:25:37,-17:18:50,0.448,0.41,0.242,0.139,0.109
1822-076,18:25:38,-07:37:30,0.378,0.394,0.29,0.192,0.224
1822-36,18:26:08,-36:50:50,0.314,0.33,0.447,0.383,0.59
1823-455,18:27:10,-45:33:10,0.626,0.563,0.422,0.224,0.1
1824-582,18:29:12,-58:13:55,1.082,1.203,0.975,0.725,0.335
J1829-5705,18:29:28,-57:05:34,0.165,0.218,0.238,0.194,0.143
1827+062,18:30:06,06:19:16,0.426,0.456,0.872,,0.599
1827-360,18:30:59,-36:02:30,4.21,1.14,0.145,0.019,0.01
1829-207,18:32:11,-20:39:48,1.303,1.036,0.658,0.484,0.63
1829-106,18:32:21,-10:35:11,0.987,1.626,1.176,0.72,0.305
J1832-5659,18:32:31,-56:59:21,0.105,0.172,0.165,0.133,0.24
1830+074,18:32:42,07:31:55,0.279,0.361,0.455,,0.359
1830-210,18:33:40,-21:03:40,10.205,7.754,2.886,3.07,2.511
1831-030,18:34:14,-03:01:21,0.206,0.228,0.179,0.115,0.189
1831-126,18:34:19,-12:37:41,0.347,0.104,0.026,0.006,0.004
J1834-5856,18:34:27,-58:56:36,0.311,0.383,0.348,0.265,0.464
1829-718,18:35:37,-71:49:58,2.213,1.01,0.28,0.119,-0.014
1831-711,18:37:29,-71:08:44,1.489,2.572,2.685,1.76,1.294
1836+040,18:38:49,04:04:25,0.525,0.615,0.386,0.3,0.687
1836+094,18:38:55,09:27:28,0.146,0.141,0.138,,0.147
J1840-6152,18:40:15,-61:52:06,0.116,0.209,0.217,0.185,0.223
J1840-7709,18:40:39,-77:09:29,0.561,0.248,0.112,0.063,0.197
J1841-5544,18:41:17,-55:44:17,0.198,0.125,0.099,0.095,0.08
1844+081,18:47:13,08:10:35,0.125,0.326,0.274,,0.19
1849+005,18:51:47,00:35:32,0.859,0.932,1.567,0.834,0.71
1849-36,18:53:18,-36:28:42,1.058,0.61,0.212,0.079,0.012
J1856-8325,18:56:05,-83:25:44,0.104,0.173,0.185,0.139,0.29
1854+061,18:56:32,06:10:17,0.182,0.303,0.155,,0.233
1853-534,18:57:00,-53:25:00,0.589,0.546,0.255,0.127,0.055
1854-663,18:59:58,-66:15:02,1.076,0.402,0.077,0.013,0.005
J1901-5139,19:01:49,-51:39:08,0.145,0.225,0.226,0.154,0.123
1859-235,19:02:49,-23:29:52,2.182,0.854,0.241,0.078,0.127
J1903-6749,19:03:01,-67:49:36,0.251,0.376,0.757,0.528,0.499
1904+013,19:07:12,01:27:09,0.53,0.422,0.296,0.141,0.334
J1908-4548,19:08:44,-45:48:41,0.128,0.178,0.211,0.162,0.094
J1910-7417,19:10:22,-74:17:33,0.205,0.216,0.162,0.117,0.589
1908-201,19:11:10,-20:06:55,2.981,2.365,2.589,1.572,2.326
1903-802,19:12:40,-80:10:06,0.804,0.961,0.971,0.988,1.528
1910+052,19:12:54,05:18:01,0.338,0.277,0.163,,0.094
J1913-3630,19:13:21,-36:30:20,,0.146,,,
J1913-6950,19:13:31,-69:50:38,0.016,0.031,0.228,0.132,0.126
J1914-4631,19:14:14,-46:31:32,0.162,0.431,0.24,0.113,0.252
J1919-4543,19:19:17,-45:43:39,0.584,0.446,0.256,0.222,0.341
1916+062,19:19:17,06:19:43,0.21,0.154,0.099,,0.09
J1923-6320,19:23:25,-63:20:46,0.205,0.207,0.227,0.143,0.153
1920-211,19:23:32,-21:04:33,1.816,1.846,1.231,1.653,2.29
1921-293,19:24:51,-29:14:30,7.208,15.819,12.145,8.654,14.267
1923+210,19:26:00,21:06:26,,2.518,1.268,,
1926+087,19:28:41,08:48:48,0.378,0.272,0.255,,0.092
1926+050,19:29:20,05:07:58,0.482,0.505,0.21,,0.192
1925-610,19:30:06,-60:56:09,0.775,0.897,0.741,0.389,0.266
J1934-8711,19:34:26,-87:11:59,0.491,0.563,0.47,0.302,0.072
1933-400,19:37:16,-39:58:02,0.666,1.011,0.973,0.972,0.82
1933-587,19:37:32,-58:38:28,1.792,0.871,0.227,0.108,0.001
1936+046,19:38:31,04:48:12,0.587,0.495,0.385,0.143,0.256
1934-638,19:39:25,-63:42:46,12.607,4.961,1.164,0.466,0.116
1936-155,19:39:27,-15:25:43,0.676,0.7,1.126,0.719,0.707
1937-101,19:39:57,-10:02:42,0.955,0.746,0.277,0.11,0.097
1935-692,19:40:26,-69:07:57,1.232,0.798,0.277,0.127,0.208
J1940-6527,19:40:39,-65:27:16,0.148,0.196,0.107,0.078,0.066
1938-155,19:41:15,-15:24:31,2.474,1.22,0.55,0.169,0.033
1936-623,19:41:22,-62:11:21,,0.898,0.667,,
J1941-7605,19:41:31,-76:05:49,0.049,0.129,0.06,0.106,0.19
1941-554,19:45:24,-55:20:49,0.786,0.86,0.739,0.505,0.604
J1949-6817,19:49:53,-68:17:46,0.056,0.065,0.081,0.089,0.085
1946-200,19:49:53,-19:57:13,1.584,0.869,0.663,0.359,0.585
1947+079,19:50:06,08:07:14,1.265,1.099,0.453,,0.051
J1950-5804,19:50:37,-58:04:40,0.215,0.191,0.146,0.125,0.034
1950-613,19:55:11,-61:15:19,1.368,0.796,0.314,0.083,-0.015
1953-077,19:56:11,-07:36:55,1.017,0.353,0.044,0.08,0.122
1953-325,19:56:59,-32:25:46,0.417,0.351,0.339,0.389,0.722
1954-388,19:58:00,-38:45:06,2.582,1.916,2.345,2.18,6.497
1955-357,19:59:04,-35:34:32,1.103,0.54,0.067,0.073,0.073
J1959-4246,19:59:13,-42:46:08,0.314,0.347,0.275,0.166,0.315
J2000-4749,20:00:13,-47:49:52,,0.132,0.217,,
1958-179,20:00:57,-17:48:58,2.085,3.009,2.626,1.574,4.469
2000-330,20:03:24,-32:51:45,0.723,0.673,0.358,0.129,0.149
1959-63,20:04:29,-63:47:23,0.88,0.842,0.435,0.281,0.335
2002-375,20:05:55,-37:23:41,0.491,0.699,0.525,0.28,0.402
J2007-7730,20:07:06,-77:30:42,0.242,0.21,0.199,0.173,0.463
2004+064,20:07:12,06:36:45,0.201,0.402,0.361,0.189,0.23
2004-447,20:07:55,-44:34:44,0.605,0.332,0.151,0.072,0.243
J2008-8408,20:08:25,-84:08:50,0.183,0.163,0.129,0.021,0.122
2005-489,20:09:25,-48:49:54,0.99,0.882,0.77,0.491,0.856
J2009-7134,20:09:29,-71:34:40,0.183,0.084,0.05,0.042,0.028
2008-068,20:11:14,-06:44:04,2.349,1.316,0.414,0.135,0.099
2008-159,20:11:16,-15:46:40,0.851,1.668,2.108,1.145,1.099
J2015-6712,20:15:00,-67:12:59,0.088,0.079,0.058,0.048,0.061
2013+370,20:15:29,37:11:00,,1.967,2.283,,
J2017-6824,20:17:29,-68:24:55,0.306,0.28,0.193,0.141,0.15
2015+083,20:18:11,08:31:55,0.577,0.515,0.277,0.091,0.056
J2019-5201,20:19:04,-52:01:39,0.227,0.264,0.189,0.113,0.471
2016-615,20:21:01,-61:24:49,0.799,0.502,0.212,0.113,0.172
2019+050,20:21:35,05:15:05,0.43,0.535,0.274,0.136,0.119
J2023-5812,20:23:28,-58:12:25,0.241,0.183,0.092,0.095,0.083
2021+003,20:24:23,00:27:53,0.128,0.116,0.084,0.121,0.109
2021-330,20:24:36,-32:53:36,,0.806,,,
2022+031,20:25:10,03:16:45,0.281,0.389,0.372,0.318,0.462
J2027-7007,20:27:25,-70:07:17,0.354,0.343,0.311,0.298,0.195
J2027-4726,20:27:51,-47:26:20,0.155,0.213,0.17,0.124,0.3
J2029-5339,20:29:35,-53:39:07,0.14,0.123,0.082,0.108,0.173
2032+107,20:35:22,10:56:07,,0.347,0.561,0.51,
J2035-6944,20:35:41,-69:44:07,0.104,0.175,0.195,0.068,0.047
2032-350,20:35:48,-34:54:09,2.115,0.307,0.359,0.021,0.019
2030-689,20:35:49,-68:46:34,0.553,0.8,0.606,0.436,0.478
J2035-6602,20:35:52,-66:02:08,0.271,0.194,0.126,0.077,0.157
J2039-8128,20:39:18,-81:28:03,0.289,0.251,0.13,0.036,0.146
J2039-7206,20:39:58,-72:06:56,0.051,0.087,0.123,0.091,0.143
J2040-5735,20:40:01,-57:35:10,0.622,0.542,0.338,0.21,0.364
2037-253,20:40:09,-25:07:47,0.678,0.668,0.538,0.294,0.164
J2041-7515,20:41:21,-75:15:37,0.163,0.176,0.105,0.087,0.349
J2046-7400,20:46:57,-74:00:04,0.273,0.271,0.287,0.158,0.291
2044-027,20:47:10,-02:36:22,1.764,0.917,0.389,0.13,0.165
2044-168,20:47:20,-16:39:06,0.355,0.377,0.153,0.062,0.075
J2049-4020,20:49:10,-40:20:31,0.282,0.374,0.346,0.223,0.231
2047+039,20:50:06,04:07:49,0.762,0.859,0.664,0.329,0.727
J2050-7622,20:50:58,-76:22:51,0.109,0.179,0.229,0.158,0.241
J2052-6523,20:52:07,-65:23:11,0.541,0.483,0.325,0.236,0.082
J2052-5533,20:52:14,-55:33:10,0.274,0.213,0.107,0.085,0.33
2049-368,20:52:17,-36:40:30,0.845,0.249,0.027,0.005,0.098
J2053-6255,20:53:06,-62:55:51,0.223,0.383,0.359,0.108,0.214
2052-474,20:56:16,-47:14:48,1.719,1.269,1.035,0.892,2.037
J2056-5820,20:56:31,-58:20:08,0.418,0.486,0.422,0.279,0.304
2054-377,20:57:42,-37:34:03,0.42,0.476,0.446,0.309,0.932
2058-297,21:01:02,-29:33:28,0.614,0.667,0.911,0.672,0.838
2059+034,21:01:39,03:41:31,0.47,1.28,2.525,1.865,1.404
2058-425,21:01:59,-42:19:16,1.02,0.559,0.191,0.099,0.118
J2105-4848,21:05:01,-48:48:47,0.835,0.908,0.434,0.24,0.47
2059-786,21:05:45,-78:25:35,0.659,0.893,0.709,0.502,0.391
2101-715,21:06:03,-71:22:18,0.871,0.579,0.268,0.135,0.075
2102-659,21:07:00,-65:47:44,1.095,0.643,0.308,0.17,0.277
2105-489,21:08:51,-48:46:22,0.904,0.589,0.302,0.167,0.173
J2108-6637,21:08:52,-66:37:23,0.187,0.186,0.121,0.095,0.219
2106-413,21:09:33,-41:10:21,1.469,1.599,0.96,0.578,0.533
2107-105,21:10:01,-10:20:57,1.469,1.074,0.621,0.36,0.547
2110-352,21:14:03,-35:02:36,0.678,0.216,0.056,0.015,0.097
J2114-6851,21:14:13,-68:51:02,0.39,0.281,0.17,0.1,0.066
2111-259,21:14:40,-25:41:49,0.149,0.234,0.125,0.059,0.065
J2116-5527,21:16:30,-55:27:20,0.238,0.455,0.28,0.135,0.116
2109-811,21:16:31,-80:53:55,0.577,0.734,0.645,0.45,1.716
2114+053,21:16:37,05:36:17,0.163,0.243,0.148,0.167,0.091
2114+048,21:17:21,05:03:04,0.167,0.232,0.208,0.3,0.491
2118+053,21:20:41,05:33:45,0.175,0.252,0.225,0.121,0.47
2117-61,21:21:04,-61:11:25,0.87,0.599,0.36,0.221,0.4
2117-642,21:21:55,-64:04:30,1.231,0.595,0.19,0.094,0.041
2121+053,21:23:45,05:35:22,2.033,1.713,1.481,0.992,2.034
J2124-8147,21:24:55,-81:47:12,0.326,0.397,0.277,0.188,0.275
2122+044,21:25:29,04:41:36,0.298,0.339,0.304,0.199,0.304
2126-158,21:29:12,-15:38:41,0.903,2.402,1.172,0.621,0.29
2126-185,21:29:21,-18:21:23,1.318,0.9,0.414,0.199,0.258
2127+085,21:30:16,08:43:56,0.061,0.096,0.093,0.057,0.172
2128+048,21:30:33,05:02:17,3.244,1.846,0.677,0.363,0.218
J2130-4515,21:30:52,-45:15:43,0.089,0.316,0.218,0.112,0.203
2128-208,21:31:01,-20:36:56,1.304,0.509,0.133,0.038,0.022
2128-123,21:31:35,-12:07:05,2.219,2.479,2.155,1.486,1.314
2131-021,21:34:10,-01:53:17,1.738,2.407,2.123,1.667,4.173
J2134-6513,21:34:13,-65:13:37,0.233,0.219,0.161,0.121,0.488
J2135-5006,21:35:20,-50:06:52,0.213,0.2,0.171,0.131,
J2135-6848,21:35:50,-68:48:34,0.208,0.246,0.171,0.107,0.074
J2136-6335,21:36:22,-63:35:51,0.164,0.186,0.143,0.085,0.145
2134+004,21:36:39,00:41:54,6.657,11.548,7.265,3.378,3.471
2135-209,21:37:50,-20:42:32,2.732,1.359,0.468,0.262,0.205
2134-470,21:38:01,-46:46:40,1.154,0.657,0.258,0.104,0.095
2135-248,21:38:37,-24:39:54,0.659,0.645,0.41,0.424,0.428
2136+141,21:39:01,14:23:36,,,1.822,,
J2141-6411,21:41:46,-64:11:14,0.157,0.252,0.294,0.345,0.323
2140-048,21:42:37,-04:37:44,0.561,0.492,0.34,0.182,0.846
2143-156,21:46:23,-15:25:44,0.39,0.443,0.514,0.566,0.667
J2146-7755,21:46:30,-77:55:59,,0.396,,,
J2147-7812,21:47:06,-78:12:22,0.31,0.326,0.259,0.295,0.717
2144+092,21:47:10,09:29:47,0.978,0.772,0.589,0.441,0.384
2142-758,21:47:13,-75:36:13,1.137,0.94,0.488,0.282,0.985
J2147-5526,21:47:45,-55:26:24,0.421,0.278,0.139,0.078,0.083
2145+067,21:48:05,06:57:39,2.998,2.769,4.357,3.803,4.235
2146-133,21:49:29,-13:04:25,0.427,0.433,0.087,0.024,0.014
2147+077,21:49:35,07:56:25,0.61,0.405,0.213,0.184,0.2
J2150-6802,21:50:13,-68:02:50,0.238,0.279,0.229,0.178,0.06
J2151-6409,21:51:01,-64:09:08,0.107,0.078,0.046,0.117,0.112
2149+069,21:51:31,07:09:27,1.06,1.285,0.902,0.772,0.379
2149+056,21:51:38,05:52:13,0.869,0.792,0.35,0.247,0.171
2149-306,21:51:56,-30:27:54,1.939,1.823,1.028,0.836,2.367
2146-783,21:52:03,-78:07:07,0.769,0.828,0.299,0.119,0.013
2149-287,21:52:04,-28:28:28,2.2,1.177,0.438,0.181,0.157
2152+226,21:55:06,22:50:22,,0.3,0.209,,
2152-699,21:57:06,-69:41:24,,0.668,0.886,0.665,0.722
J2157-7549,21:57:59,-75:49:54,0.541,0.612,0.471,0.347,0.506
2155-152,21:58:06,-15:01:09,4.709,5.813,5.406,3.201,2.134
J2158-4719,21:58:40,-47:19:27,0.244,0.232,0.132,0.063,0.019
2155-304,21:58:52,-30:13:32,0.244,0.268,0.229,0.206,
J2200-5520,22:00:55,-55:20:08,0.243,0.215,0.231,0.154,0.45
2158+029,22:01:28,03:12:15,0.251,0.199,0.239,0.162,0.021
J2202-8338,22:02:19,-83:38:12,0.795,0.85,0.536,0.414,0.349
J2203-6130,22:04:00,-61:30:22,0.44,0.456,0.344,0.192,0.258
J2205-8653,22:05:46,-86:53:48,0.292,0.301,0.247,0.176,0.096
2203-188,22:06:10,-18:35:39,,4.269,2.203,1.288,0.709
J2206-7735,22:06:44,-77:35:24,0.231,0.224,0.151,0.034,0.084
2204-540,22:07:44,-53:46:34,,1.205,1.04,0.989,
J2207-5707,22:07:54,-57:07:37,0.306,0.174,0.053,0.03,0.014
2205-636,22:08:47,-63:25:47,0.953,0.595,0.302,0.167,0.228
2209+236,22:12:06,23:55:41,,,0.688,,
2210+016,22:12:38,01:52:51,,1.122,0.351,0.16,0.014
2210+065,22:12:51,06:46:09,,0.402,0.27,,0.458
2210-257,22:13:02,-25:29:30,0.918,0.73,0.776,0.297,0.353
J2213-6330,22:13:35,-63:30:02,0.339,0.299,0.203,0.133,0.086
2211+069,22:14:09,07:11:42,,0.266,0.344,,0.107
2211-388,22:14:39,-38:35:45,1.444,0.855,0.408,0.205,0.13
J2215-6609,22:15:45,-66:09:14,0.516,0.285,0.115,0.093,0.056
2213-456,22:16:56,-45:21:42,1.394,0.575,0.157,0.062,0.013
J2217-7044,22:17:47,-70:44:53,0.322,0.382,0.311,0.231,0.112
2215+020,22:17:48,02:20:11,,0.355,0.246,0.289,0.012
2215-508,22:18:19,-50:38:42,1.009,0.536,0.156,0.072,
2216-038,22:18:52,-03:35:37,,1.851,2.667,0.997,0.816
2216-281,22:19:41,-27:56:27,1.39,0.457,0.09,0.003,0
2223-052,22:25:47,-04:57:01,6.51,4.747,3.326,1.692,1.929
2224+006,22:26:47,00:52:11,,0.49,0.67,0.526,0.363
J2227-5219,22:27:08,-52:19:51,0.191,0.235,0.146,0.091,
J2229-6910,22:29:00,-69:10:30,0.718,0.749,0.702,0.555,
2226-411,22:29:19,-40:51:32,2.036,0.917,0.285,0.071,0.012
2227-088,22:29:40,-08:32:54,,2.583,2.987,2.785,2.668
2226-386,22:29:47,-38:24:00,1.207,0.336,0.046,0.02,0.001
2227+009,22:29:52,01:14:57,,0.202,0.186,0.108,0.026
J2230-6310,22:30:10,-63:10:43,0.132,0.119,0.086,0.074,
2227-399,22:30:40,-39:42:52,0.217,0.407,0.758,0.781,0.357
J2230-4416,22:30:56,-44:16:30,0.412,0.415,0.515,0.318,0.299
J2231-6231,22:31:08,-62:31:19,0.316,0.342,0.289,0.179,
2230+114,22:32:36,11:43:51,5.996,4.718,4.138,,
2232-488,22:35:13,-48:35:59,0.704,0.799,0.843,0.6,1.114
2233-148,22:36:34,-14:33:22,,0.601,0.51,0.482,1.565
J2239-5525,22:39:06,-55:25:59,0.196,0.197,0.16,0.112,
J2239-5701,22:39:12,-57:01:01,,,,,0.48
2239+096,22:41:50,09:53:52,0.301,0.651,0.303,,0.295
2240-260,22:43:26,-25:44:31,0.832,0.667,0.591,0.363,0.381
J2243-5656,22:43:53,-56:56:20,0.207,0.157,0.111,0.081,
2242+031,22:45:28,03:24:09,,0.422,0.244,0.136,0.088
2243+047,22:45:54,05:00:57,,0.216,0.341,,0.105
J2246-5607,22:46:17,-56:07:46,0.326,0.41,0.521,0.379,
2243-123,22:46:18,-12:06:51,2.116,1.746,1.749,1.277,1.856
2244-372,22:47:04,-36:57:46,1.043,0.792,0.613,0.41,0.343
2245+029,22:47:59,03:10:42,,0.709,0.447,,0.215
2245-328,22:48:39,-32:35:52,1.227,1.986,1.617,1.051,1.044
2251+158,22:53:58,16:08:54,13.096,15.879,21.703,33.605,13.747
2251+006,22:54:04,00:54:21,0.525,0.543,0.42,0.373,0.245
J2254-5926,22:54:57,-59:26:01,0.262,0.335,0.291,0.194,
2252-089,22:55:04,-08:44:04,0.579,0.401,0.457,0.231,0.231
2253-278,22:56:00,-27:35:56,,0.263,0.273,0.202,
J2256-6533,22:56:25,-65:33:26,0.257,0.2,0.099,0.074,
2254-367,22:57:11,-36:27:44,1.229,1.055,0.579,0.341,0.211
2254+074,22:57:17,07:43:12,,0.963,0.354,,0.457
2254+024,22:57:18,02:43:18,0.245,0.166,0.267,0.262,0.148
2255-282,22:58:06,-27:58:21,2.353,4.085,4.436,4.756,5.557
J2258-7014,22:58:32,-70:14:40,0.21,0.379,0.154,0.09,
2258+033,23:00:41,03:37:11,0.636,0.335,0.202,0.13,0.136
2259+058,23:01:53,06:09:13,,0.343,0.239,,0.101
2259-375,23:02:24,-37:18:07,2.028,0.878,0.31,0.128,0.02
J2302-4533,23:02:40,-45:33:58,0.467,0.218,0.199,0.106,0.128
2300-307,23:03:06,-30:30:11,0.311,0.2,0.089,0.087,0.036
J2303-5406,23:03:52,-54:06:46,0.172,0.192,0.163,0.131,
2301+060,23:04:28,06:20:08,,0.278,0.19,,0.181
J2306-6521,23:06:59,-65:21:32,0.388,0.348,0.106,0.056,
2305-418,23:07:54,-41:32:43,1.093,0.232,0.029,0.011,0.013
2306+095,23:08:44,09:46:26,,0.277,0.231,,0.203
J2308-4557,23:08:53,-45:57:56,0.118,0.193,0.26,0.209,0.261
2309+090,23:12:28,09:19:29,,0.475,0.141,,0.007
2310-417,23:12:56,-41:26:56,1.192,0.553,0.178,0.062,0.012
J2312-6607,23:12:59,-66:07:32,0.119,0.14,0.155,0.121,
2311-477,23:13:52,-47:29:12,0.918,0.588,0.22,0.134,0.017
2311-452,23:14:09,-44:55:49,1.997,1.262,0.558,0.257,0.147
2312-319,23:14:49,-31:38:40,0.593,0.531,0.575,0.384,0.221
J2315-5018,23:15:44,-50:18:40,0.295,0.574,0.894,0.762,0.437
2313-438,23:16:21,-43:37:47,0.915,0.605,0.333,0.193,0.15
2314+038,23:16:35,04:05:18,1.05,0.871,0.212,0.073,0.036
2314-340,23:16:43,-33:49:12,0.571,0.484,0.079,0.013,0.004
2318+049,23:20:45,05:13:50,0.854,0.934,0.698,0.841,0.794
2318-166,23:21:02,-16:23:05,1.515,0.53,0.13,0.06,0.025
2320+079,23:22:36,08:12:02,0.895,0.574,0.38,,0.105
2320-035,23:23:32,-03:17:05,1.11,1.283,1.185,1.038,0.798
2321-375,23:24:07,-37:14:22,0.576,0.966,1.089,0.7,0.629
2322-411,23:25:03,-40:51:30,1.351,0.674,0.24,0.112,0.039
2322-123,23:25:20,-12:07:27,1.119,0.311,0.07,0.045,0.022
J2325-4800,23:25:27,-48:00:17,0.243,0.28,0.243,0.207,0.193
2323+009,23:26:26,01:12:09,0.198,0.263,0.198,0.096,0.229
2323-407,23:26:34,-40:27:18,2.481,0.948,0.224,0.018,0.003
2325+093,23:27:34,09:40:09,0.413,0.813,0.656,0.743,0.859
J2327-4510,23:27:41,-45:10:56,0.272,0.232,0.198,0.142,0.155
J2327-6644,23:27:45,-66:44:42,0.276,0.22,0.203,0.139,
2325-150,23:27:48,-14:47:56,,0.72,0.442,0.287,0.244
J2328-4035,23:28:19,-40:35:10,0.093,0.354,0.368,0.269,0.706
2326+082,23:29:06,08:34:16,0.074,0.254,0.281,,0.225
2326-477,23:29:18,-47:30:19,3.07,2.81,2.375,1.81,1.09
2326-502,23:29:21,-49:55:41,0.546,0.605,0.509,0.369,
2327-459,23:30:38,-45:39:58,0.924,0.509,0.225,0.136,0.135
2328+107,23:30:41,11:00:19,,,0.954,,
2329-162,23:31:39,-15:56:57,,1.333,0.916,0.621,0.824
2329-384,23:31:59,-38:11:48,0.764,0.701,0.428,0.224,0.111
2330+083,23:32:58,08:38:10,0.401,0.344,0.376,,0.209
2331-240,23:33:55,-23:43:41,,1.425,1.12,2.154,2.372
2331+073,23:34:13,07:36:28,0.686,1.002,1.013,0.853,1.072
J2334-5251,23:34:45,-52:51:20,0.669,0.605,0.37,0.209,
2333-528,23:36:12,-52:36:22,2.197,1.874,1.21,0.775,0.297
2333-415,23:36:34,-41:15:22,,0.627,0.699,0.565,
J2337-5216,23:37:23,-52:16:20,0.604,0.458,0.221,0.114,
J2337-5901,23:37:27,-59:01:14,0.1,0.151,0.159,0.093,
2335-027,23:37:57,-02:30:58,0.617,0.415,0.611,0.601,0.866
2337-334,23:39:55,-33:10:17,1.117,0.831,0.446,0.246,0.16
2338+000,23:41:07,00:18:33,0.346,0.245,0.144,0.093,0.079
2339-353,23:41:46,-35:06:22,1.286,0.438,0.104,0.002,0.004
J2343-7038,23:43:22,-70:38:40,0.141,0.128,0.093,0.077,
J2343-5626,23:43:27,-56:26:24,0.132,0.127,0.096,0.05,
J2345-1555,23:45:12,-15:55:07,,0.634,1.235,1.42,
2344+092,23:46:37,09:30:46,1.586,1.365,1.096,0.977,0.183
2344+068,23:46:40,07:05:07,0.215,0.208,0.165,,0.198
J2347-4946,23:47:44,-49:46:28,0.319,0.671,0.694,0.486,
2345-167,23:48:03,-16:31:12,2.121,2.305,1.571,1.67,3.105
2346+052,23:49:21,05:34:40,0.344,0.392,0.264,,0.25
J2349-4932,23:49:25,-49:32:27,0.284,0.315,0.309,0.22,
2351-154,23:54:30,-15:13:11,0.905,0.943,0.875,0.626,0.429
2353-686,23:56:01,-68:20:03,1.252,1.557,1.049,0.583,0.245
J2357-4838,23:57:21,-48:38:18,0.168,0.201,0.154,0.112,0.204
2354-117,23:57:31,-11:25:39,1.718,1.599,0.999,0.639,0.356
2355-534,23:57:53,-53:11:14,1.849,1.957,1.506,1.162,1.496
J2358-4555,23:58:02,-45:55:19,0.303,0.398,0.39,0.424,0.254
2355-106,23:58:11,-10:20:09,0.911,1.145,0.742,0.941,0.776
2357-318,23:59:35,-31:33:44,0.617,0.62,0.418,0.281,0.292